dt;category_1;melt;c;si;mn;сr;ni;ti;al;w;mo;nb;v;s;p;co;ce;b;pb;bi;sb;as;sn;cu;о;n;ca
2019-01-24;12Х18Н10Т ГОСТ 5632-72;6-19-2-186;0.0569;0.193;1.199;17.448;10.343;0.596;0.109;0.015;0.076;0.027;0.067;0.0022;0.026;0.043;0.015;0.0031;0.003;0.012;0.001;0.001;0.0045;0.143;0.009;0.016;0.0025
2019-01-24;12Х18Н10Т ГОСТ 5632-72;6-19-2-187;0.0716;0.249;1.216;17.238;10.311;0.577;0.107;0.026;0.132;0.044;0.069;0.0052;0.024;0.038;0.015;0.0027;0.002;0.01;0.001;0.001;0.0036;0.161;0.011;0.018;0.0026
2019-01-24;12Х18Н10Т ГОСТ 5632-72;6-19-2-203;0.0751;0.348;1.184;17.69;10.538;0.628;0.124;0.01;0.077;0.046;0.078;0.0031;0.023;0.037;0.018;0.0025;0.003;0.011;0.001;0.001;0.0034;0.11;0.006;0.015;0.0044
2019-03-17;12Х18Н10Т ГОСТ 5632-72;6-19-2-629;0.0643;0.347;1.2;17.59;10.6;0.512;0.083;0.074;0.166;0.035;0.051;0.0028;0.026;0.071;0.009;0.0026;0.001;0.009;0.005;0.001;0.007;0.213;0.012;0.017;0.0022
2019-04-24;12Х18Н10Т ГОСТ 5632-72;6-19-2-860;0.0569;0.241;1.086;17.307;10.484;0.674;0.103;0.048;0.163;0.029;0.053;0.0043;0.028;0.109;0.01;0.0001;0.001;0.011;0.003;0.001;0.0054;0.171;0.016;0.013;0.0013
2019-04-25;12Х18Н10Т ГОСТ 5632-72;6-19-2-865;0.0557;0.261;1.174;17.727;10.52;0.465;0.053;0.027;0.155;0.017;0.05;0.0083;0.027;0.122;0.014;0.0022;0.003;0.011;0.001;0.001;0.0036;0.185;0.013;0.019;0.0013
2019-04-26;12Х18Н10Т ГОСТ 5632-72;6-19-2-868;0.0586;0.246;1.102;17.966;10.546;0.637;0.093;0.034;0.151;0.021;0.059;0.004;0.028;0.118;0.015;0.0019;0.002;0.011;0.001;0.001;0.0051;0.191;0.016;0.014;0.0017
2019-05-18;12Х18Н10Т ГОСТ 5632-72;6-19-2-1003;0.0781;0.338;1.041;17.458;10.469;0.577;0.071;0.039;0.144;0.015;0.036;0.0082;0.013;0.034;0.01;0.0024;0.002;0.012;0.001;0.001;0.0042;0.136;0.01;0.018;0.0023
2019-05-19;12Х18Н10Т-У ОСТ 108.109.01-92;6-19-2-1004;0.0658;0.321;1.114;17.402;9.966;0.653;0.085;0.01;0.102;0.006;0.03;0.0036;0.006;0.024;0.009;0.0028;0.002;0.013;0.001;0.001;0.006;0.14;0.006;0.012;0.0016
2019-05-19;12Х18Н10Т ГОСТ 5632-72;6-19-2-1005;0.06;0.362;1.036;17.519;10.534;0.66;0.088;0.047;0.14;0.007;0.044;0.0063;0.009;0.037;0.009;0.0028;0.002;0.013;0.001;0.001;0.0052;0.142;0.007;0.013;0.0018
2019-05-19;12Х18Н10Т ГОСТ 5632-72;6-19-2-1006;0.0677;0.378;1.081;17.776;10.529;0.707;0.09;0.017;0.128;0.007;0.045;0.0044;0.009;0.032;0.009;0.0027;0.002;0.013;0.001;0.001;0.0048;0.14;0.006;0.012;0.002
2019-05-19;12Х18Н10Т ГОСТ 5632-72;6-19-2-1007;0.0716;0.45;1.109;17.839;10.534;0.514;0.084;0.02;0.098;0.009;0.042;0.0037;0.007;0.034;0.012;0.0007;0.004;0.014;0.001;0.001;0.0043;0.123;0.007;0.014;0.0028
2019-05-19;12Х18Н10Т ГОСТ 5632-72;6-19-2-1008;0.0584;0.309;1.095;17.507;10.445;0.468;0.084;0.022;0.07;0.009;0.041;0.0086;0.014;0.031;0.009;0.0024;0.004;0.013;0.001;0.001;0.0041;0.116;0.007;0.017;0.0015
2019-05-19;12Х18Н10Т-У ОСТ 108.109.01-92;6-19-2-1009;0.0571;0.292;1.184;18.287;9.774;0.58;0.078;0.01;0.037;0.004;0.025;0.0069;0.008;0.02;0.01;0.0022;0.003;0.012;0.001;0.001;0.0037;0.111;0.006;0.018;0.0023
2019-05-19;12Х18Н10Т ГОСТ 5632-72;6-19-2-1010;0.0616;0.302;1.102;17.534;10.429;0.674;0.102;0.025;0.062;0.011;0.043;0.0052;0.012;0.046;0.01;0.0029;0.003;0.013;0.001;0.001;0.004;0.138;0.007;0.012;0.0019
2019-05-19;12Х18Н10Т-У ОСТ 108.109.01-92;6-19-2-1011;0.0587;0.24;1.141;17.227;9.948;0.635;0.087;0.031;0.069;0.008;0.027;0.0094;0.008;0.02;0.01;0.0026;0.003;0.014;0.002;0.001;0.004;0.116;0.009;0.014;0.0021
2019-05-19;12Х18Н10Т-У ОСТ 108.109.01-92;6-19-2-1013;0.0632;0.278;1.107;17.475;9.876;0.645;0.107;0.011;0.07;0.014;0.031;0.0073;0.023;0.02;0.01;0.0039;0.004;0.014;0.001;0.001;0.0034;0.11;0.008;0.014;0.0015
2019-05-20;12Х18Н10Т-У ОСТ 108.109.01-92;6-19-2-1014;0.0603;0.253;1.046;17.261;9.863;0.58;0.097;0.013;0.084;0.017;0.031;0.0067;0.013;0.019;0.01;0.0029;0.003;0.015;0.001;0.001;0.0038;0.102;0.005;0.016;0.0013
2019-05-20;12Х18Н10Т-У ОСТ 108.109.01-92;6-19-2-1015;0.061;0.261;1.118;17.545;10.051;0.539;0.079;0.01;0.084;0.014;0.034;0.0045;0.012;0.019;0.01;0.0029;0.003;0.015;0.001;0.001;0.0038;0.119;0.007;0.015;0.0017
2019-05-20;12Х18Н10Т-У ОСТ 108.109.01-92;6-19-2-1016;0.0676;0.275;1.131;17.322;9.75;0.7;0.122;0.01;0.076;0.011;0.031;0.0048;0.012;0.022;0.011;0.003;0.004;0.016;0.001;0.001;0.0029;0.091;0.006;0.011;0.0018
2019-05-20;12Х18Н10Т-У ОСТ 108.109.01-92;6-19-2-1017;0.0554;0.322;1.018;17.652;9.808;0.525;0.08;0.024;0.133;0.018;0.026;0.0046;0.01;0.022;0.01;0.0023;0.003;0.014;0.001;0.001;0.0031;0.111;0.006;0.014;0.002
2019-05-20;12Х18Н10Т-У ОСТ 108.109.01-92;6-19-2-1018;0.0682;0.352;1.119;17.343;9.836;0.668;0.097;0.061;0.169;0.013;0.028;0.0069;0.013;0.023;0.011;0.0029;0.003;0.015;0.001;0.001;0.0034;0.125;0.007;0.011;0.0016
2019-05-20;12Х18Н10Т-У ОСТ 108.109.01-92;6-19-2-1019;0.0699;0.348;1.126;17.276;9.942;0.62;0.1;0.01;0.11;0.01;0.026;0.0095;0.009;0.02;0.011;0.0033;0.003;0.014;0.001;0.001;0.0033;0.128;0.008;0.012;0.0022
2019-05-20;12Х18Н10Т-У ОСТ 108.109.01-92;6-19-2-1020;0.0641;0.388;1.027;17.534;10.267;0.561;0.066;0.029;0.086;0.007;0.025;0.003;0.011;0.018;0.012;0.0029;0.003;0.015;0.001;0.001;0.0045;0.125;0.006;0.015;0.0027
2019-05-20;12Х18Н10Т ГОСТ 5632-72;6-19-2-1021;0.064;0.306;1.087;17.615;10.418;0.549;0.073;0.017;0.074;0.008;0.036;0.0079;0.018;0.03;0.011;0.0026;0.004;0.014;0.001;0.001;0.004;0.134;0.007;0.013;0.0022
2019-05-20;12Х18Н10Т-У ОСТ 108.109.01-92;6-19-2-1022;0.0601;0.372;1.122;17.411;9.785;0.562;0.068;0.011;0.036;0.007;0.023;0.0021;0.01;0.017;0.011;0.0026;0.004;0.016;0.001;0.001;0.0046;0.135;0.009;0.017;0.0021
2019-05-20;12Х18Н10Т ГОСТ 5632-72;6-19-2-1023;0.0601;0.282;1.074;17.488;10.456;0.655;0.099;0.038;0.115;0.018;0.047;0.003;0.024;0.035;0.01;0.002;0.003;0.014;0.001;0.001;0.0042;0.144;0.01;0.012;0.0017
2019-05-21;12Х18Н10Т ГОСТ 5632-72;6-19-2-1024;0.0644;0.331;1.037;17.709;10.473;0.512;0.097;0.028;0.077;0.019;0.048;0.0022;0.022;0.034;0.01;0.0025;0.004;0.012;0.001;0.001;0.0051;0.148;0.006;0.013;0.0017
2019-05-21;12Х18Н10Т ГОСТ 5632-72;6-19-2-1025;0.0654;0.23;1.175;17.525;10.469;0.601;0.119;0.021;0.1;0.015;0.043;0.0038;0.022;0.036;0.009;0.0021;0.003;0.014;0.001;0.001;0.0046;0.145;0.008;0.016;0.0008
2019-05-23;12Х18Н10Т Протокол №03-2019 ОКиПП от 31.01.19г;6-19-2-1026;0.0681;0.239;2.152;17.448;10.312;0.561;0.082;0.01;0.042;0.008;0.034;0.0038;0.007;0.026;0.013;0.0001;0.005;0.014;0.001;0.001;0.0028;0.143;0.006;0.015;0.0027
2019-06-15;12Х18Н10Т ГОСТ 5632-2014;6-19-2-1199;0.0694;0.393;1.206;17.35;10.176;0.531;0.067;0.067;0.115;0.012;0.058;0.0021;0.027;0.061;0.011;0.0001;0.003;0.012;0.003;0.001;0.0076;0.163;0.01;0.013;0.0014
2019-06-15;12Х18Н10Т ГОСТ 5632-2014;6-19-2-1200;0.0702;0.313;1.438;17.588;10.259;0.575;0.116;0.062;0.18;0.01;0.067;0.004;0.027;0.075;0.01;0.0001;0.002;0.01;0.004;0.001;0.0077;0.194;0.012;0.011;0.0018
2019-06-15;12Х18Н10Т ГОСТ 5632-2014;6-19-2-1201;0.0663;0.361;1.193;17.441;10.415;0.532;0.085;0.05;0.133;0.015;0.057;0.0024;0.026;0.055;0.011;0.0003;0.002;0.012;0.004;0.001;0.0065;0.145;0.012;0.014;0.0019
2019-06-15;12Х18Н10Т ГОСТ 5632-72;6-19-2-1202;0.0692;0.337;1.268;17.5;10.099;0.525;0.103;0.052;0.111;0.013;0.052;0.0043;0.021;0.043;0.009;0.0004;0.002;0.011;0.004;0.001;0.0059;0.149;0.009;0.013;0.0011
2019-06-15;12Х18Н10Т ГОСТ 5632-72;6-19-2-1203;0.0643;0.309;1.136;17.316;10.258;0.63;0.131;0.058;0.17;0.01;0.057;0.0037;0.027;0.079;0.009;0.0001;0.002;0.012;0.004;0.001;0.0057;0.221;0.013;0.013;0.0007
2019-06-15;12Х18Н10Т ГОСТ 5632-72;6-19-2-1204;0.0682;0.336;1.236;17.392;10.167;0.493;0.116;0.049;0.087;0.009;0.043;0.0024;0.022;0.037;0.009;0.0002;0.002;0.011;0.003;0.001;0.0058;0.165;0.012;0.014;0.0011
2019-06-15;12Х18Н10Т ГОСТ 5632-72;6-19-2-1205;0.0752;0.31;1.249;17.46;10.196;0.591;0.098;0.1;0.155;0.022;0.054;0.0031;0.027;0.052;0.009;0.0001;0.002;0.012;0.004;0.001;0.0065;0.166;0.016;0.017;0.0005
2019-06-16;12Х18Н10Т ГОСТ 5632-2014;6-19-2-1206;0.0625;0.374;1.097;17.329;10.202;0.774;0.132;0.086;0.14;0.014;0.06;0.0027;0.026;0.073;0.013;0.0001;0.002;0.012;0.004;0.001;0.0066;0.166;0.013;0.015;0.0003
2019-06-16;12Х18Н10Т ГОСТ 5632-2014;6-19-2-1207;0.0676;0.331;1.07;17.532;10.088;0.469;0.066;0.07;0.202;0.009;0.06;0.0026;0.029;0.092;0.011;0.0001;0.002;0.011;0.004;0.001;0.0082;0.213;0.014;0.013;0.0017
2019-06-16;12Х18Н10Т ГОСТ 5632-2014;6-19-2-1208;0.0677;0.284;1.081;17.74;10.071;0.617;0.102;0.085;0.115;0.008;0.049;0.0022;0.025;0.058;0.014;0.0001;0.003;0.013;0.004;0.001;0.0066;0.17;0.013;0.012;0.0029
2019-06-16;12Х18Н10Т ГОСТ 5632-2014;6-19-2-1209;0.0653;0.292;1.221;17.592;10.131;0.695;0.097;0.061;0.143;0.008;0.065;0.0027;0.027;0.102;0.013;0.0001;0.002;0.011;0.004;0.001;0.0065;0.168;0.01;0.012;0.0022
2019-06-16;12Х18Н10Т ГОСТ 5632-72;6-19-2-1212;0.0689;0.262;1.163;17.393;10.271;0.451;0.11;0.075;0.12;0.013;0.048;0.0017;0.022;0.034;0.011;0.0001;0.003;0.012;0.004;0.001;0.0058;0.144;0.009;0.018;0.002
2019-07-03;12Х18Н10Т ГОСТ 5632-2014;6-19-2-1322;0.0791;0.509;1.033;16.978;10.127;0.467;0.097;0.055;0.077;0.019;0.049;0.0018;0.023;0.037;0.012;0.0002;0.003;0.013;0.007;0.001;0.0061;0.333;0.009;0.013;0.0008
2019-07-03;12Х18Н10Т ГОСТ 5632-72;6-19-2-1323;0.0647;0.257;1.191;17.718;10.197;0.534;0.105;0.04;0.064;0.014;0.047;0.0078;0.033;0.032;0.012;0.0002;0.003;0.013;0.006;0.001;0.0054;0.146;0.01;0.015;0.0007
2019-07-03;12Х18Н10Т ГОСТ 5632-72;6-19-2-1324;0.075;0.291;1.064;17.658;10.43;0.58;0.137;0.064;0.088;0.015;0.049;0.0036;0.019;0.03;0.015;0.0002;0.002;0.015;0.007;0.001;0.0056;0.155;0.007;0.016;0.0022
2019-07-05;12Х18Н10Т ГОСТ 5632-72;6-19-2-1337;0.0468;0.232;1.114;17.376;10.27;0.602;0.11;0.032;0.112;0.012;0.04;0.0041;0.019;0.039;0.007;0.0001;0.001;0.011;0.002;0.001;0.0041;0.139;0.009;0.014;0.0015
2019-07-05;12Х18Н10Т ГОСТ 5632-72;6-19-2-1338;0.0545;0.241;1.201;17.69;10.305;0.476;0.083;0.043;0.078;0.015;0.043;0.0062;0.019;0.047;0.008;0.0001;0.002;0.011;0.002;0.001;0.0046;0.22;0.013;0.017;0.0011
2019-07-05;12Х18Н10Т ГОСТ 5632-72;6-19-2-1339;0.0563;0.279;1.216;17.387;10.507;0.547;0.081;0.045;0.104;0.014;0.043;0.0025;0.018;0.036;0.008;0.0001;0.002;0.01;0.002;0.001;0.0051;0.173;0.008;0.016;0.0019
2019-07-05;12Х18Н10Т ГОСТ 5632-72;6-19-2-1340;0.0692;0.243;1.224;17.34;10.463;0.574;0.07;0.027;0.07;0.012;0.043;0.0026;0.017;0.035;0.007;0.0001;0.001;0.011;0.002;0.001;0.0049;0.151;0.018;0.015;0.0017
2019-07-05;12Х18Н10Т ГОСТ 5632-2014;6-19-2-1343;0.0972;0.326;1.037;17.605;10.172;0.602;0.08;0.066;0.275;0.026;0.049;0.002;0.019;0.066;0.007;0.0003;0.001;0.01;0.002;0.001;0.0049;0.158;0.01;0.012;0.0011
2019-07-05;12Х18Н10Т ГОСТ 5632-72;6-19-2-1344;0.0794;0.316;1.133;17.371;10.178;0.645;0.08;0.037;0.093;0.016;0.047;0.0034;0.02;0.041;0.008;0.0001;0.001;0.011;0.001;0.001;0.0044;0.183;0.011;0.015;0.002
2019-07-06;12Х18Н10Т ГОСТ 5632-72;6-19-2-1345;0.0511;0.242;1.267;17.395;10.234;0.504;0.112;0.044;0.093;0.011;0.059;0.0028;0.019;0.037;0.009;0.0001;0.002;0.011;0.002;0.001;0.0058;0.152;0.011;0.015;0.0018
2019-07-06;12Х18Н10Т ГОСТ 5632-72;6-19-2-1346;0.0623;0.216;1.225;17.41;10.379;0.502;0.107;0.034;0.111;0.012;0.043;0.0056;0.019;0.034;0.009;0.0001;0.002;0.01;0.002;0.001;0.005;0.149;0.016;0.018;0.0017
2019-07-06;12Х18Н10Т ГОСТ 5632-72;6-19-2-1348;0.0607;0.29;1.228;17.121;10.623;0.596;0.087;0.057;0.07;0.01;0.043;0.0078;0.023;0.042;0.008;0.0001;0.002;0.012;0.001;0.001;0.0043;0.135;0.015;0.013;0.001
2019-07-06;12Х18Н10Т ГОСТ 5632-72;6-19-2-1349;0.0518;0.329;1.256;17.48;10.351;0.523;0.08;0.053;0.092;0.012;0.048;0.0066;0.017;0.046;0.009;0.0002;0.002;0.012;0.002;0.001;0.0044;0.128;0.016;0.014;0.0016
2019-07-06;12Х18Н10Т ГОСТ 5632-2014;6-19-2-1350;0.0627;0.361;1.022;17.34;10.333;0.632;0.12;0.079;0.082;0.017;0.048;0.0034;0.02;0.091;0.01;0.0001;0.002;0.012;0.002;0.001;0.0041;0.132;0.012;0.011;0.0022
2019-07-06;12Х18Н10Т ГОСТ 5632-72;6-19-2-1351;0.0816;0.282;1.198;17.241;10.177;0.498;0.094;0.055;0.079;0.009;0.044;0.0026;0.019;0.04;0.008;0.0001;0.002;0.01;0.002;0.001;0.004;0.133;0.009;0.015;0.0021
2019-07-06;12Х18Н10Т ГОСТ 5632-72;6-19-2-1352;0.0605;0.248;1.197;17.502;9.883;0.476;0.074;0.04;0.053;0.008;0.044;0.0043;0.017;0.032;0.009;0.0001;0.002;0.012;0.002;0.001;0.004;0.112;0.012;0.016;0.0018
2019-07-06;12Х18Н10Т ГОСТ 5632-72;6-19-2-1353;0.059;0.288;1.189;17.41;10.199;0.521;0.089;0.031;0.056;0.013;0.046;0.0027;0.018;0.034;0.008;0.0001;0.002;0.012;0.001;0.001;0.004;0.128;0.011;0.017;0.0012
2019-07-06;12Х18Н10Т ГОСТ 5632-72;6-19-2-1354;0.066;0.39;1.226;17.109;10.043;0.581;0.081;0.029;0.068;0.011;0.047;0.002;0.02;0.038;0.011;0.0001;0.003;0.013;0.002;0.001;0.0048;0.134;0.01;0.016;0.0022
2019-07-06;12Х18Н10Т ГОСТ 5632-72;6-19-2-1355;0.0454;0.283;1.18;17.362;10.199;0.536;0.056;0.032;0.057;0.01;0.048;0.004;0.019;0.033;0.01;0.0001;0.003;0.012;0.002;0.001;0.0045;0.136;0.01;0.016;0.0021
2019-07-07;12Х18Н10Т ГОСТ 5632-72;6-19-2-1356;0.0651;0.305;1.082;17.376;10.525;0.689;0.109;0.034;0.072;0.026;0.06;0.0023;0.022;0.037;0.01;0.0001;0.002;0.013;0.002;0.001;0.0063;0.144;0.012;0.013;0.0016
2019-07-07;12Х18Н10Т ГОСТ 5632-72;6-19-2-1357;0.0597;0.32;1.175;17.432;10.324;0.684;0.104;0.036;0.08;0.011;0.059;0.0036;0.021;0.037;0.011;0.0001;0.003;0.014;0.002;0.001;0.0058;0.132;0.009;0.013;0.0019
2019-07-07;12Х18Н10Т ГОСТ 5632-72;6-19-2-1358;0.0637;0.357;1.224;17.441;10.157;0.609;0.068;0.038;0.07;0.014;0.058;0.005;0.02;0.033;0.011;0.0002;0.003;0.014;0.002;0.001;0.006;0.131;0.016;0.014;0.0019
2019-07-07;12Х18Н10Т ГОСТ 5632-72;6-19-2-1359;0.0555;0.309;1.259;17.4;10.266;0.554;0.067;0.075;0.102;0.009;0.057;0.0044;0.021;0.038;0.01;0.0001;0.002;0.012;0.002;0.001;0.0065;0.142;0.013;0.016;0.0019
2019-07-07;12Х18Н10Т ГОСТ 5632-72;6-19-2-1360;0.0573;0.408;1.145;17.137;10.353;0.705;0.105;0.029;0.092;0.019;0.057;0.0048;0.02;0.037;0.01;0.0001;0.002;0.012;0.002;0.001;0.0061;0.145;0.012;0.012;0.0017
2019-07-07;12Х18Н10Т ГОСТ 5632-2014;6-19-2-1361;0.0909;0.432;1.058;17.401;10.24;0.584;0.061;0.027;0.079;0.019;0.055;0.001;0.019;0.037;0.01;0.0001;0.003;0.013;0.002;0.001;0.0062;0.344;0.015;0.014;0.0015
2019-07-07;12Х18Н10Т ГОСТ 5632-72;6-19-2-1362;0.0695;0.29;1.247;17.425;10.476;0.443;0.122;0.067;0.093;0.015;0.048;0.0035;0.019;0.035;0.013;0.0001;0.004;0.014;0.002;0.001;0.0053;0.144;0.013;0.017;0.0031
2019-08-23;12Х18Н10Т ГОСТ 5632-2014;6-19-2-1721;0.0703;0.363;1.056;17.442;10.22;0.633;0.16;0.023;0.162;0.015;0.067;0.0046;0.028;0.079;0.017;0.0001;0.004;0.014;0.002;0.001;0.0066;0.607;0.013;0.013;0.0029
2019-08-23;12Х18Н10Т ГОСТ 5632-2014;6-19-2-1727;0.0643;0.458;1.195;17.27;10.091;0.614;0.086;0.031;0.167;0.014;0.065;0.0042;0.031;0.101;0.017;0.0001;0.004;0.013;0.003;0.001;0.0084;0.425;0.013;0.014;0.0033
2019-08-24;12Х18Н10Т ГОСТ 5632-72;6-19-2-1736;0.0837;0.307;1.211;17.315;10.242;0.56;0.088;0.036;0.168;0.014;0.042;0.0038;0.014;0.035;0.016;0.0001;0.003;0.013;0.001;0.001;0.0041;0.101;0.014;0.015;0.0027
2019-08-24;12Х18Н10Т ГОСТ 5632-2014;6-19-2-1739;0.0654;0.254;1.217;17.359;10.01;0.546;0.085;0.049;0.157;0.011;0.053;0.0033;0.032;0.08;0.013;0.0001;0.003;0.011;0.002;0.001;0.0063;0.294;0.013;0.014;0.0017
2019-08-25;12Х18Н10Т ТУ 14-1-377-72;6-19-2-1740;0.073;0.277;1.189;17.261;10.249;0.549;0.081;0.025;0.167;0.015;0.057;0.0031;0.0031;0.058;0.015;0.0001;0.002;0.013;0.001;0.001;0.006;0.25;0.011;0.014;0.0038
2019-08-25;12Х18Н10Т ТУ 14-1-377-72;6-19-2-1746;0.0616;0.213;1.296;17.257;10.425;0.502;0.072;0.048;0.168;0.01;0.049;0.0043;0.028;0.073;0.017;0.0001;0.003;0.011;0.001;0.001;0.0064;0.187;0.009;0.016;0.0039
2019-08-25;12Х18Н10Т ГОСТ 5632-2014;6-19-2-1747;0.0686;0.228;1.047;17.715;10.054;0.536;0.079;0.038;0.166;0.014;0.063;0.0024;0.028;0.069;0.016;0.0001;0.003;0.012;0.001;0.001;0.0062;0.183;0.011;0.013;0.0028
2019-08-25;12Х18Н10Т ГОСТ 5632-2014;6-19-2-1748;0.0738;0.316;1.043;17.204;10.092;0.535;0.085;0.044;0.157;0.015;0.052;0.0042;0.028;0.06;0.015;0.0001;0.003;0.012;0.001;0.001;0.0064;0.187;0.01;0.022;0.0028
2019-08-25;12Х18Н10Т ГОСТ 5632-2014;6-19-2-1749;0.0611;0.218;1.258;17.326;10.138;0.542;0.063;0.076;0.152;0.016;0.061;0.0034;0.029;0.073;0.015;0.0001;0.003;0.012;0.001;0.001;0.0061;0.16;0.006;0.013;0.0023
2019-08-26;12Х18Н10Т ГОСТ 5632-72;6-19-2-1751;0.0577;0.397;1.378;17.536;10.17;0.578;0.115;0.01;0.129;0.01;0.052;0.0039;0.026;0.033;0.014;0.0001;0.004;0.013;0.001;0.001;0.0046;0.122;0.015;0.017;0.0011
2019-08-26;12Х18Н10Т ГОСТ 5632-72;6-19-2-1752;0.0601;0.487;1.028;17.424;10.395;0.705;0.146;0.101;0.221;0.011;0.065;0.001;0.025;0.036;0.015;0.0001;0.002;0.013;0.001;0.001;0.0042;0.117;0.008;0.016;0.003
2019-08-26;12Х18Н10Т ГОСТ 5632-72;6-19-2-1754;0.0566;0.352;1.195;17.36;10.469;0.485;0.064;0.104;0.225;0.012;0.064;0.0042;0.027;0.037;0.014;0.0001;0.002;0.011;0.001;0.001;0.004;0.133;0.01;0.018;0.0027
2019-08-26;12Х18Н10Т ГОСТ 5632-72;6-19-2-1758;0.0599;0.319;1.374;17.572;10.012;0.497;0.087;0.011;0.121;0.014;0.054;0.0057;0.022;0.033;0.016;0.0001;0.005;0.013;0.001;0.001;0.0052;0.125;0.017;0.015;0.0026
2019-08-26;12Х18Н10Т ГОСТ 5632-72;6-19-2-1759;0.0548;0.254;1.259;17.454;10.266;0.494;0.071;0.01;0.121;0.014;0.051;0.0058;0.021;0.032;0.014;0.0001;0.003;0.012;0.001;0.001;0.0036;0.098;0.01;0.015;0.0025
2019-08-27;12Х18Н10Т ГОСТ 5632-72;6-19-2-1761;0.0684;0.405;1.085;17.522;10.354;0.617;0.089;0.021;0.111;0.012;0.055;0.0031;0.028;0.031;0.014;0.0001;0.003;0.012;0.001;0.001;0.0036;0.1;0.01;0.015;0.0027
2019-08-27;12Х18Н10Т ГОСТ 5632-72;6-19-2-1762;0.06;0.381;1.133;17.498;10.399;0.668;0.089;0.011;0.11;0.01;0.057;0.0031;0.026;0.03;0.013;0.0001;0.002;0.009;0.001;0.001;0.0036;0.115;0.012;0.012;0.0023
2019-08-28;12Х18Н10Т ГОСТ 5632-72;6-19-2-1768;0.0572;0.273;1.31;17.258;10.265;0.429;0.064;0.043;0.083;0.014;0.051;0.0039;0.02;0.032;0.014;0.0001;0.004;0.012;0.001;0.001;0.0046;0.119;0.009;0.02;0.0026
2019-08-28;12Х18Н10Т ГОСТ 5632-2014;6-19-2-1769;0.0743;0.16;1.186;17.446;10.355;0.476;0.086;0.01;0.064;0.013;0.05;0.0038;0.028;0.036;0.017;0.0001;0.005;0.012;0.001;0.001;0.0044;0.397;0.009;0.017;0.003
2019-08-28;12Х18Н10Т ГОСТ 5632-72;6-19-2-1770;0.0643;0.273;1.25;17.567;10.247;0.435;0.082;0.094;0.127;0.015;0.052;0.0037;0.023;0.033;0.014;0.0001;0.004;0.012;0.001;0.001;0.0044;0.122;0.013;0.022;0.002
2019-08-28;12Х18Н10Т ГОСТ 5632-72;6-19-2-1771;0.0511;0.272;1.301;17.189;10.233;0.481;0.085;0.093;0.111;0.012;0.045;0.0049;0.025;0.03;0.014;0.0001;0.004;0.012;0.001;0.001;0.0041;0.105;0.014;0.017;0.0019
2019-08-28;12Х18Н10Т ГОСТ 5632-72;6-19-2-1772;0.0924;0.3;1.181;17.337;10.423;0.64;0.112;0.049;0.097;0.02;0.065;0.0046;0.021;0.035;0.017;0.0001;0.004;0.013;0.001;0.001;0.0035;0.109;0.01;0.013;0.0026
2019-08-28;12Х18Н10Т ГОСТ 5632-72;6-19-2-1773;0.0599;0.279;1.211;17.232;10.341;0.474;0.092;0.033;0.078;0.012;0.048;0.0044;0.022;0.032;0.016;0.0001;0.005;0.013;0.001;0.001;0.0037;0.109;0.007;0.016;0.0022
2019-08-28;12Х18Н10Т ГОСТ 5632-72;6-19-2-1774;0.0589;0.268;1.21;17.473;10.319;0.589;0.12;0.081;0.124;0.012;0.051;0.0043;0.02;0.034;0.017;0.0001;0.005;0.013;0.001;0.001;0.0029;0.1;0.009;0.013;0.0027
2019-09-21;12Х18Н10Т ГОСТ 5632-2014;6-19-2-1943;0.0592;0.27;1.154;17.092;10.42;0.676;0.118;0.045;0.168;0.01;0.052;0.0031;0.031;0.071;0.013;0.0001;0.001;0.013;0.003;0.001;0.008;0.197;0.009;0.013;0.0022
2019-09-21;12Х18Н10Т ГОСТ 5632-2014;6-19-2-1944;0.0637;0.369;1.266;17.843;10.242;0.658;0.12;0.05;0.142;0.009;0.056;0.0034;0.033;0.06;0.013;0.0001;0.002;0.011;0.003;0.001;0.0083;0.228;0.012;0.013;0.0018
2019-09-21;12Х18Н10Т ГОСТ 5632-2014;6-19-2-1945;0.0642;0.389;1.094;17.417;10.193;0.706;0.101;0.038;0.128;0.007;0.051;0.0044;0.033;0.065;0.013;0.0001;0.002;0.009;0.004;0.001;0.0076;0.187;0.009;0.012;0.0015
2019-09-21;12Х18Н10Т ГОСТ 5632-72;6-19-2-1947;0.0666;0.249;1.201;17.324;10.127;0.606;0.091;0.05;0.161;0.008;0.051;0.0059;0.03;0.074;0.013;0.0001;0.002;0.011;0.003;0.001;0.0077;0.189;0.008;0.019;0.0017
2019-09-21;12Х18Н10Т ГОСТ 5632-2014;6-19-2-1949;0.0679;0.375;1.123;17.255;10.19;0.664;0.116;0.039;0.245;0.007;0.05;0.003;0.029;0.061;0.012;0.0001;0.001;0.012;0.003;0.001;0.0083;0.202;0.01;0.012;0.0013
2019-09-21;12Х18Н10Т ГОСТ 5632-2014;6-19-2-1950;0.0614;0.341;1.071;17.252;10.235;0.578;0.099;0.06;0.167;0.008;0.045;0.0029;0.027;0.071;0.013;0.0001;0.002;0.011;0.003;0.001;0.0066;0.173;0.007;0.013;0.0015
2019-09-22;12Х18Н10Т ГОСТ 5632-72;6-19-2-1951;0.0812;0.35;1.213;17.456;10.386;0.707;0.106;0.048;0.158;0.008;0.055;0.0031;0.034;0.077;0.014;0.0001;0.002;0.011;0.003;0.001;0.0074;0.184;0.008;0.014;0.0022
2019-09-22;12Х18Н10Т ГОСТ 5632-72;6-19-2-1952;0.065;0.42;1.162;17.204;10.421;0.727;0.154;0.072;0.217;0.01;0.062;0.0032;0.033;0.075;0.013;0.0001;0.002;0.013;0.003;0.001;0.0077;0.185;0.008;0.012;0.0019
2019-09-22;12Х18Н10Т ГОСТ 5632-72;6-19-2-1955;0.07;0.395;1.16;17.395;10.422;0.506;0.098;0.045;0.159;0.008;0.041;0.0046;0.029;0.063;0.012;0.0001;0.002;0.009;0.003;0.001;0.0096;0.184;0.009;0.016;0.0019
2019-10-16;12Х18Н10Т ГОСТ 5632-72;6-19-2-2145;0.0687;0.176;1.065;17.367;10.218;0.562;0.083;0.01;0.187;0.017;0.049;0.0045;0.022;0.033;0.01;0.0001;0.002;0.008;0.001;0.001;0.004;0.124;0.005;0.015;0.0016
2019-10-16;12Х18Н10Т ГОСТ 5632-72;6-19-2-2146;0.0748;0.332;1.233;17.263;9.947;0.482;0.056;0.054;0.202;0.039;0.053;0.0044;0.022;0.037;0.011;0.0001;0.002;0.007;0.001;0.001;0.0045;0.123;0.006;0.018;0.0017
2019-11-05;12Х18Н10Т ГОСТ 5632-2014;6-19-2-2279;0.0552;0.305;1.085;17.26;10.004;0.6;0.115;0.052;0.174;0.008;0.045;0.0113;0.026;0.063;0.009;0.0001;0.001;0.01;0.003;0.001;0.0078;0.158;0.014;0.013;0.0021
2019-12-03;12Х18Н10Т ГОСТ 5632-72;6-19-2-2455;0.0719;0.256;1.206;17.351;10.297;0.528;0.086;0.014;0.205;0.015;0.042;0.0032;0.019;0.032;0.013;0.0001;0.003;0.008;0.001;0.001;0.0022;0.124;0.006;0.013;0.0024
2019-12-03;12Х18Н10Т ГОСТ 5632-72;6-19-2-2456;0.0623;0.255;1.295;17.435;10.312;0.47;0.078;0.063;0.16;0.014;0.046;0.0021;0.027;0.053;0.012;0.0001;0.003;0.007;0.001;0.001;0.0044;0.191;0.007;0.014;0.002
2019-12-03;12Х18Н10Т ГОСТ 5632-72;6-19-2-2457;0.0727;0.264;1.254;17.246;10.225;0.457;0.084;0.052;0.144;0.009;0.048;0.0034;0.029;0.05;0.011;0.0001;0.0036;0.009;0.001;0.001;0.0042;0.179;0.01;0.019;0.0015
2019-12-03;12Х18Н10Т ГОСТ 5632-72;6-19-2-2458;0.0787;0.27;1.094;17.351;10.076;0.579;0.111;0.022;0.186;0.057;0.054;0.0034;0.018;0.041;0.013;0.0001;0.003;0.008;0.001;0.001;0.0016;0.107;0.007;0.014;0.0024
2019-12-03;12Х18Н10Т ГОСТ 5632-72;6-19-2-2459;0.0638;0.279;1.283;17.468;10.359;0.556;0.105;0.017;0.114;0.023;0.049;0.0019;0.02;0.034;0.012;0.0001;0.003;0.008;0.001;0.001;0.0017;0.122;0.008;0.014;0.0017
2019-12-03;12Х18Н10Т ГОСТ 5632-72;6-19-2-2460;0.0738;0.286;1.04;17.312;10.496;0.535;0.108;0.011;0.085;0.007;0.045;0.0051;0.022;0.035;0.014;0.0001;0.003;0.01;0.001;0.001;0.0025;0.127;0.007;0.015;0.0027
2019-12-03;12Х18Н10Т ГОСТ 5632-72;6-19-2-2461;0.0692;0.276;1.187;18.16;10.661;0.558;0.095;0.012;0.178;0.042;0.053;0.0027;0.019;0.034;0.013;0.0001;0.003;0.008;0.001;0.001;0.0022;0.127;0.011;0.017;0.0031
2019-12-03;12Х18Н10Т ГОСТ 5632-72;6-19-2-2462;0.0691;0.3;1.198;17.516;10.363;0.451;0.097;0.017;0.196;0.021;0.047;0.0062;0.018;0.035;0.015;0.0001;0.003;0.008;0.001;0.001;0.0025;0.126;0.009;0.015;0.003
2019-12-03;12Х18Н10Т ГОСТ 5632-72;6-19-2-2463;0.0754;0.296;1.121;17.221;10.325;0.608;0.099;0.032;0.197;0.019;0.047;0.0039;0.02;0.038;0.015;0.0001;0.003;0.009;0.001;0.001;0.0027;0.136;0.012;0.013;0.0034
2019-12-03;12Х18Н10Т ГОСТ 5632-72;6-19-2-2464;0.0715;0.346;1.23;17.22;10.418;0.524;0.086;0.02;0.111;0.02;0.052;0.0056;0.024;0.04;0.014;0.0001;0.003;0.008;0.001;0.001;0.0022;0.163;0.012;0.016;0.0032
2019-12-03;12Х18Н10Т ГОСТ 5632-72;6-19-2-2465;0.0647;0.308;1.136;17.566;10.276;0.553;0.077;0.01;0.093;0.021;0.061;0.0034;0.021;0.028;0.015;0.0001;0.003;0.008;0.001;0.001;0.0025;0.095;0.009;0.014;0.0035
2019-12-04;12Х18Н10Т ГОСТ 5632-72;6-19-2-2466;0.0675;0.318;1.231;17.736;10.631;0.493;0.061;0.019;0.174;0.039;0.06;0.0033;0.023;0.029;0.016;0.0001;0.003;0.007;0.001;0.001;0.0023;0.108;0.005;0.014;0.0046
2019-12-04;12Х18Н10Т ГОСТ 5632-72;6-19-2-2467;0.0599;0.268;1.192;17.675;10.232;0.604;0.084;0.021;0.178;0.015;0.05;0.0041;0.021;0.031;0.012;0.0001;0.002;0.008;0.001;0.001;0.0025;0.096;0.009;0.014;0.0024
2019-12-04;12Х18Н10Т ГОСТ 5632-72;6-19-2-2468;0.0674;0.27;1.15;17.496;10.448;0.512;0.085;0.047;0.17;0.032;0.054;0.0033;0.022;0.04;0.012;0.0001;0.002;0.007;0.001;0.001;0.0031;0.107;0.01;0.017;0.0022
2019-12-04;12Х18Н10Т ГОСТ 5632-72;6-19-2-2469;0.0676;0.322;1.135;17.467;10.574;0.473;0.074;0.031;0.195;0.037;0.059;0.0039;0.023;0.031;0.013;0.0001;0.002;0.008;0.001;0.001;0.003;0.121;0.011;0.022;0.0031
2019-12-04;12Х18Н10Т ГОСТ 5632-72;6-19-2-2470;0.0676;0.29;1.184;17.136;10.442;0.584;0.084;0.014;0.125;0.026;0.056;0.0014;0.022;0.03;0.01;0.0001;0.002;0.009;0.001;0.001;0.0028;0.104;0.012;0.016;0.0015
2019-12-04;12Х18Н10Т ГОСТ 5632-72;6-19-2-2471;0.0626;0.285;1.263;17.509;10.248;0.565;0.135;0.128;0.191;0.013;0.045;0.0015;0.028;0.046;0.012;0.0001;0.002;0.007;0.001;0.001;0.004;0.145;0.006;0.013;0.0021
2019-12-29;12Х18Н10Т ГОСТ 5632-72;6-19-2-2589;0.0615;0.333;1.249;17.509;10.399;0.45;0.091;0.114;0.177;0.014;0.062;0.0057;0.025;0.074;0.012;0.0001;0.003;0.013;0.001;0.001;0.0065;0.184;0.013;0.019;0.0019
2019-12-29;12Х18Н10Т ГОСТ 5632-72;6-19-2-2591;0.065;0.458;1.185;17.436;10.275;0.55;0.073;0.082;0.218;0.081;0.071;0.0054;0.023;0.034;0.02;0.0001;0.003;0.014;0.001;0.001;0.0059;0.116;0.012;0.037;0.0066
2019-12-29;12Х18Н10Т ГОСТ 5632-72;6-19-2-2592;0.0511;0.248;1.27;17.568;10.218;0.574;0.119;0.051;0.136;0.031;0.074;0.0011;0.021;0.031;0.016;0.0001;0.003;0.015;0.001;0.001;0.0062;0.112;0.012;0.017;0.0037
2019-12-29;12Х18Н10Т ГОСТ 5632-72;6-19-2-2593;0.0644;0.396;1.201;17.195;9.886;0.474;0.086;0.041;0.191;0.045;0.059;0.0055;0.023;0.034;0.013;0.0001;0.004;0.016;0.001;0.001;0.0058;0.117;0.011;0.017;0.0022
2019-12-29;12Х18Н10Т ГОСТ 5632-72;6-19-2-2594;0.0736;0.257;1.201;17.631;10.025;0.55;0.093;0.046;0.182;0.055;0.071;0.0068;0.021;0.036;0.014;0.0001;0.003;0.015;0.001;0.001;0.0062;0.121;0.011;0.019;0.0024
2019-12-29;12Х18Н10Т ГОСТ 5632-72;6-19-2-2595;0.0618;0.339;1.202;17.417;10.358;0.612;0.11;0.029;0.146;0.042;0.058;0.0046;0.021;0.033;0.013;0.0001;0.003;0.017;0.001;0.001;0.0055;0.106;0.011;0.014;0.002
2019-12-30;12Х18Н10Т ГОСТ 5632-72;6-19-2-2596;0.0698;0.276;1.138;17.524;10.417;0.593;0.121;0.033;0.127;0.032;0.054;0.0022;0.02;0.031;0.011;0.0001;0.003;0.016;0.001;0.001;0.0042;0.107;0.011;0.016;0.0015
2019-12-30;12Х18Н10Т ГОСТ 5632-72;6-19-2-2597;0.0758;0.281;1.087;17.316;10.273;0.541;0.114;0.028;0.19;0.02;0.049;0.0033;0.02;0.032;0.011;0.0001;0.002;0.015;0.001;0.001;0.0041;0.092;0.009;0.016;0.0019
2019-12-30;12Х18Н10Т ГОСТ 5632-72;6-19-2-2598;0.0625;0.309;1.193;17.47;10.248;0.496;0.082;0.055;0.245;0.029;0.048;0.0042;0.019;0.045;0.011;0.0001;0.002;0.013;0.001;0.001;0.005;0.103;0.01;0.017;0.0022
2019-12-30;12Х18Н10Т ГОСТ 5632-72;6-19-2-2599;0.059;0.321;1.138;17.296;10.541;0.651;0.097;0.051;0.149;0.038;0.053;0.005;0.021;0.046;0.012;0.0001;0.003;0.016;0.001;0.001;0.005;0.159;0.013;0.014;0.0021
2020-01-07;12Х18Н10Т ГОСТ 5632-72;6-20-2-27;0.0755;0.256;1.07;17.41;10.4;0.579;0.105;0.043;0.153;0.011;0.048;0.0032;0.025;0.048;0.015;0.0001;0.004;0.016;0.001;0.001;0.0047;0.166;0.013;0.018;0.0031
2020-01-08;12Х18Н10Т ГОСТ 5632-72;6-20-2-33;0.0625;0.365;1.149;17.245;10.353;0.584;0.087;0.013;0.217;0.018;0.049;0.0041;0.021;0.034;0.016;0.0001;0.004;0.016;0.001;0.001;0.0036;0.115;0.01;0.016;0.0036
2020-01-08;12Х18Н10Т ГОСТ 5632-72;6-20-2-34;0.0655;0.259;1.111;17.444;10.425;0.529;0.078;0.018;0.246;0.039;0.055;0.0068;0.018;0.035;0.016;0.0001;0.003;0.015;0.001;0.001;0.0037;0.128;0.01;0.018;0.0034
2020-01-08;12Х18Н10Т ГОСТ 5632-72;6-20-2-36;0.0557;0.248;1.08;17.388;10.245;0.476;0.1;0.043;0.213;0.024;0.058;0.0029;0.017;0.04;0.016;0.0001;0.004;0.016;0.001;0.001;0.0038;0.119;0.011;0.021;0.0028
2020-01-08;12Х18Н10Т ГОСТ 5632-72;6-20-2-37;0.057;0.254;1.065;17.596;10.278;0.466;0.066;0.034;0.18;0.044;0.061;0.0036;0.02;0.034;0.017;0.0001;0.005;0.017;0.001;0.001;0.0041;0.115;0.01;0.017;0.0027
2020-01-08;12Х18Н10Т ГОСТ 5632-2014;6-20-2-39;0.0657;0.174;1.226;17.622;9.972;0.468;0.051;0.024;0.26;0.022;0.052;0.0042;0.019;0.285;0.016;0.0001;0.005;0.017;0.001;0.001;0.0046;0.129;0.009;0.017;0.0028
2020-01-08;12Х18Н10Т ТУ 14-1-3581-83;6-20-2-42;0.0521;0.251;1.964;17.459;10.301;0.531;0.106;0.062;0.166;0.021;0.052;0.0101;0.024;0.047;0.015;0.0001;0.006;0.018;0.001;0.001;0.0046;0.153;0.014;0.019;0.0017
2020-01-17;12Х18Н10Т ГОСТ 5632-2014;6-20-2-84;0.0659;0.259;1.229;17.427;10.342;0.584;0.082;0.319;0.247;0.03;0.06;0.0038;0.024;0.051;0.007;0.0001;0.001;0.013;0.002;0.001;0.0062;0.163;0.009;0.013;0.0026
2020-01-25;12Х18Н10Т ГОСТ 5632-72;6-20-2-120;0.0719;0.346;1.107;17.21;10.172;0.564;0.117;0.01;0.135;0.009;0.042;0.0016;0.007;0.031;0.011;0.0001;0.002;0.017;0.001;0.001;0.0047;0.12;0.01;0.016;0.0029
2020-01-28;12Х18Н10Т ГОСТ 5632-72;6-20-2-129;0.0678;0.224;1.071;17.8;10.522;0.588;0.099;0.1;0.104;0.006;0.042;0.0028;0.007;0.034;0.006;0.0001;0.001;0.015;0.002;0.001;0.0067;0.108;0.009;0.017;0.0022
2020-01-28;12Х18Н10Т ГОСТ 5632-72;6-20-2-130;0.0707;0.217;1.085;17.389;10.688;0.568;0.106;0.082;0.128;0.006;0.042;0.0046;0.009;0.029;0.008;0.0001;0.001;0.015;0.002;0.001;0.0075;0.126;0.011;0.015;0.0033
2020-01-29;12Х18Н10Т ГОСТ 5632-2014;6-20-2-147;0.07;0.159;1.269;18.0;10.372;0.59;0.076;0.072;0.196;0.007;0.057;0.0026;0.026;0.066;0.004;0.0001;0.001;0.013;0.001;0.001;0.0077;0.195;0.013;0.013;0.0018
2020-02-09;12Х18Н10Т ГОСТ 5632-72;6-20-2-210;0.0853;0.371;1.155;17.514;10.456;0.562;0.082;0.082;0.17;0.008;0.051;0.0028;0.027;0.052;0.003;0.0001;0.001;0.017;0.001;0.001;0.0051;0.158;0.009;0.016;0.001
2020-02-11;12Х18Н10Т ГОСТ 5632-72;6-20-2-227;0.0713;0.275;1.139;17.291;10.096;0.459;0.078;0.156;0.203;0.009;0.055;0.0053;0.025;0.058;0.006;0.0001;0.002;0.015;0.002;0.001;0.0064;0.207;0.011;0.019;0.0023
2020-02-11;12Х18Н10Т ГОСТ 5632-72;6-20-2-229;0.0751;0.258;1.134;17.361;10.325;0.489;0.116;0.085;0.21;0.011;0.057;0.0036;0.027;0.067;0.004;0.0001;0.001;0.014;0.002;0.001;0.006;0.261;0.01;0.017;0.0016
2020-02-12;12Х18Н10Т ГОСТ 5632-72;6-20-2-230;0.0694;0.313;1.152;17.223;10.128;0.585;0.096;0.07;0.166;0.01;0.054;0.0037;0.028;0.061;0.006;0.001;0.002;0.018;0.001;0.001;0.0078;0.227;0.012;0.017;0.0019
2020-02-12;12Х18Н10Т ГОСТ 5632-72;6-20-2-231;0.0647;0.258;1.155;17.383;10.261;0.45;0.064;0.093;0.219;0.013;0.057;0.0041;0.028;0.07;0.007;0.0001;0.003;0.019;0.002;0.001;0.0095;0.265;0.014;0.02;0.0018
2020-02-12;12Х18Н10Т ГОСТ 5632-72;6-20-2-232;0.0696;0.313;1.242;17.582;10.214;0.47;0.075;0.09;0.239;0.011;0.069;0.0018;0.028;0.068;0.007;0.0001;0.003;0.017;0.001;0.001;0.0068;0.221;0.013;0.021;0.0027
2020-02-12;12Х18Н10Т ГОСТ 5632-2014;6-20-2-234;0.0571;0.195;1.252;17.611;10.557;0.555;0.116;0.323;0.159;0.009;0.057;0.003;0.023;0.057;0.006;0.0002;0.002;0.017;0.002;0.001;0.0054;0.166;0.01;0.013;0.0028
2020-02-13;12Х18Н10Т ГОСТ 5632-72;6-20-2-235;0.07;0.242;1.136;17.523;10.523;0.468;0.093;0.074;0.266;0.018;0.054;0.003;0.027;0.066;0.007;0.0011;0.003;0.016;0.001;0.001;0.0154;0.221;0.01;0.017;0.0021
2020-02-13;12Х18Н10Т ГОСТ 5632-72;6-20-2-236;0.0513;0.227;1.175;17.786;10.627;0.519;0.07;0.108;0.181;0.011;0.053;0.0035;0.027;0.076;0.007;0.0001;0.003;0.017;0.002;0.001;0.0087;0.24;0.013;0.017;0.0023
2020-02-13;12Х18Н10Т ГОСТ 5632-72;6-20-2-237;0.0594;0.262;1.216;17.263;10.46;0.482;0.089;0.073;0.221;0.017;0.051;0.0037;0.029;0.085;0.006;0.0001;0.002;0.017;0.001;0.001;0.0069;0.199;0.011;0.019;0.0019
2020-02-13;12Х18Н10Т ГОСТ 5632-72;6-20-2-239;0.067;0.306;1.066;17.296;10.357;0.511;0.065;0.141;0.208;0.009;0.055;0.0031;0.028;0.081;0.006;0.0001;0.002;0.016;0.001;0.001;0.0072;0.202;0.011;0.016;0.0026
2020-02-13;12Х18Н10Т ГОСТ 5632-72;6-20-2-240;0.0718;0.362;1.061;17.264;10.376;0.551;0.083;0.07;0.179;0.009;0.051;0.0037;0.029;0.064;0.008;0.0001;0.002;0.017;0.001;0.001;0.007;0.2;0.012;0.017;0.0029
2020-02-13;12Х18Н10Т ГОСТ 5632-72;6-20-2-241;0.0792;0.24;1.157;17.582;10.327;0.485;0.107;0.094;0.201;0.008;0.053;0.0039;0.027;0.066;0.007;0.0001;0.003;0.017;0.001;0.001;0.0075;0.18;0.014;0.021;0.0022
2020-02-13;12Х18Н10Т ГОСТ 5632-72;6-20-2-242;0.0794;0.242;1.165;17.413;10.279;0.525;0.126;0.092;0.196;0.011;0.059;0.0031;0.029;0.083;0.006;0.0001;0.002;0.015;0.001;0.001;0.0063;0.21;0.009;0.017;0.0022
2020-02-14;12Х18Н10Т ГОСТ 5632-2014;6-20-2-244;0.0597;0.252;1.21;17.524;10.097;0.587;0.104;0.07;0.176;0.009;0.059;0.0036;0.025;0.069;0.008;0.0001;0.003;0.019;0.001;0.001;0.0066;0.187;0.012;0.015;0.0023
2020-02-14;12Х18Н10Т ГОСТ 5632-72;6-20-2-245;0.0509;0.287;1.17;17.477;10.624;0.458;0.093;0.065;0.175;0.01;0.049;0.0031;0.029;0.066;0.006;0.0001;0.002;0.016;0.001;0.001;0.0058;0.185;0.011;0.023;0.002
2020-02-25;12Х18Н10Т ГОСТ 5632-2014;6-20-2-309;0.0838;0.223;1.1;17.468;10.13;0.616;0.104;0.045;0.167;0.01;0.048;0.0041;0.021;0.045;0.011;0.0001;0.004;0.018;0.001;0.001;0.0054;0.162;0.01;0.021;0.0037
2020-02-25;12Х18Н10Т ГОСТ 5632-2014;6-20-2-310;0.0672;0.149;1.174;17.648;10.311;0.435;0.082;0.052;0.244;0.012;0.04;0.0039;0.021;0.048;0.01;0.0001;0.004;0.018;0.001;0.001;0.0083;0.195;0.008;0.023;0.0027
2020-02-25;12Х18Н10Т ГОСТ 5632-2014;6-20-2-313;0.0571;0.196;1.057;17.524;9.936;0.484;0.087;0.029;0.179;0.011;0.046;0.0056;0.024;0.064;0.011;0.0001;0.005;0.019;0.001;0.001;0.0065;0.184;0.008;0.014;0.0031
2020-02-26;12Х18Н10Т ГОСТ 5632-72;6-20-2-320;0.0651;0.213;1.31;17.459;10.57;0.512;0.068;0.124;0.208;0.041;0.052;0.0022;0.023;0.064;0.009;0.0001;0.004;0.018;0.001;0.001;0.0044;0.192;0.0011;0.019;0.0024
2020-02-26;12Х18Н10Т ГОСТ 5632-72;6-20-2-321;0.0728;0.229;1.063;17.666;10.401;0.495;0.097;0.043;0.222;0.041;0.061;0.0032;0.027;0.069;0.009;0.0001;0.004;0.018;0.001;0.001;0.0064;0.208;0.012;0.018;0.0026
2020-02-26;12Х18Н10Т ГОСТ 5632-72;6-20-2-322;0.064;0.192;1.178;17.62;10.42;0.509;0.096;0.054;0.208;0.023;0.054;0.0051;0.028;0.078;0.009;0.0001;0.004;0.018;0.001;0.001;0.0078;0.199;0.014;0.021;0.0026
2020-03-12;12Х18Н10Т ГОСТ 5632-2014;6-20-2-386;0.0631;0.241;1.085;17.081;9.986;0.748;0.153;0.056;0.203;0.036;0.07;0.0039;0.028;0.087;0.01;0.0001;0.001;0.012;0.001;0.001;0.0055;0.174;0.004;0.009;0.0024
2020-03-12;12Х18Н10Т ГОСТ 5632-2014;6-20-2-387;0.0718;0.299;1.136;17.463;10.061;0.676;0.089;0.077;0.231;0.036;0.064;0.0033;0.027;0.082;0.011;0.0001;0.002;0.011;0.001;0.001;0.0051;0.202;0.006;0.012;0.0033
2020-03-12;12Х18Н10Т ГОСТ 5632-2014;6-20-2-388;0.0649;0.328;1.093;17.474;10.089;0.566;0.103;0.077;0.258;0.037;0.07;0.003;0.027;0.083;0.009;0.0001;0.001;0.01;0.001;0.001;0.0062;0.198;0.003;0.012;0.0022
2020-03-12;12Х18Н10Т ГОСТ 5632-2014;6-20-2-389;0.0699;0.284;1.07;17.773;10.163;0.525;0.053;0.052;0.248;0.041;0.073;0.003;0.027;0.078;0.01;0.0001;0.001;0.01;0.001;0.001;0.0063;0.166;0.005;0.013;0.0029
2020-03-13;12Х18Н10Т ГОСТ 5632-2014;6-20-2-390;0.068;0.278;1.136;17.484;10.323;0.545;0.063;0.01;0.194;0.03;0.061;0.0039;0.023;0.056;0.01;0.0001;0.001;0.009;0.001;0.001;0.006;0.211;0.002;0.01;0.0033
2020-06-10;12Х18Н10Т ГОСТ 5632-2014;6-20-2-905;0.0667;0.262;1.167;17.271;10.216;0.652;0.103;0.01;0.236;0.021;0.063;0.0042;0.024;0.068;0.012;0.001;0.003;0.012;0.001;0.001;0.0032;0.213;0.007;0.008;0.0017
2020-06-10;12Х18Н10Т ГОСТ 5632-2014;6-20-2-906;0.0802;0.221;1.155;17.323;10.167;0.632;0.092;0.01;0.212;0.038;0.057;0.0035;0.024;0.07;0.013;0.0001;0.004;0.012;0.001;0.001;0.0049;0.219;0.007;0.009;0.0021
2020-12-13;12Х18Н10Т ГОСТ 5632-72;6-20-2-1843;0.0604;0.271;1.177;17.316;10.159;0.463;0.073;0.01;0.215;0.008;0.046;0.0021;0.019;0.042;0.012;0.0001;0.001;0.008;0.001;0.001;0.0036;0.171;0.006;0.012;0.0025
2020-12-13;12Х18Н10Т ГОСТ 5632-72;6-20-2-1844;0.0566;0.282;1.193;17.288;10.409;0.472;0.057;0.01;0.183;0.01;0.044;0.001;0.018;0.04;0.012;0.0001;0.002;0.01;0.001;0.001;0.0041;0.149;0.008;0.014;0.0021
2020-12-13;12Х18Н10Т ГОСТ 5632-72;6-20-2-1845;0.0677;0.288;1.149;17.466;10.138;0.49;0.097;0.01;0.209;0.011;0.048;0.0027;0.021;0.049;0.012;0.0001;0.002;0.01;0.001;0.001;0.0043;0.174;0.005;0.011;0.0021
2020-12-13;12Х18Н10Т ГОСТ 5632-72;6-20-2-1846;0.0647;0.269;1.161;17.611;10.261;0.417;0.106;0.01;0.261;0.014;0.055;0.001;0.017;0.082;0.013;0.0001;0.002;0.009;0.003;0.001;0.0042;0.176;0.005;0.011;0.0028
2020-12-13;12Х18Н10Т ГОСТ 5632-72;6-20-2-1848;0.0586;0.207;1.041;17.509;10.188;0.497;0.079;0.01;0.215;0.011;0.048;0.0022;0.02;0.05;0.013;0.0001;0.001;0.009;0.002;0.001;0.0041;0.171;0.006;0.012;0.0029
2020-12-14;12Х18Н10Т ГОСТ 5632-72;6-20-2-1850;0.0629;0.294;1.165;17.232;10.443;0.505;0.081;0.01;0.212;0.007;0.041;0.0017;0.019;0.046;0.011;0.0001;0.001;0.01;0.001;0.001;0.0039;0.168;0.006;0.011;0.0021
2020-12-14;12Х18Н10Т ГОСТ 5632-72;6-20-2-1851;0.0425;0.288;1.128;17.053;10.102;0.419;0.095;0.01;0.232;0.009;0.043;0.0042;0.02;0.076;0.01;0.0001;0.002;0.01;0.001;0.001;0.0039;0.16;0.005;0.017;0.0015
2020-12-14;12Х18Н10Т ГОСТ 5632-72;6-20-2-1852;0.0697;0.321;1.137;17.276;10.285;0.437;0.046;0.01;0.195;0.008;0.048;0.0035;0.023;0.055;0.012;0.0001;0.002;0.01;0.001;0.001;0.0042;0.164;0.006;0.014;0.0019
2020-12-14;12Х18Н10Т ГОСТ 5632-72;6-20-2-1853;0.0669;0.375;1.223;17.343;10.206;0.439;0.082;0.01;0.188;0.011;0.051;0.0029;0.021;0.059;0.012;0.0001;0.002;0.01;0.001;0.001;0.0047;0.168;0.005;0.016;0.0019
2020-12-14;12Х18Н10Т ГОСТ 5632-72;6-20-2-1855;0.0645;0.338;1.097;17.293;10.561;0.515;0.07;0.01;0.227;0.014;0.053;0.0032;0.019;0.044;0.01;0.0001;0.001;0.009;0.001;0.001;0.0033;0.167;0.006;0.013;0.0015
2020-12-14;12Х18Н10Т ГОСТ 5632-72;6-20-2-1856;0.0657;0.385;1.094;17.266;10.124;0.501;0.088;0.01;0.249;0.01;0.052;0.0033;0.022;0.052;0.01;0.0001;0.001;0.009;0.001;0.001;0.0039;0.17;0.007;0.015;0.0017
2020-12-14;12Х18Н10Т ГОСТ 5632-72;6-20-2-1857;0.0671;0.284;1.101;17.593;10.31;0.468;0.061;0.01;0.213;0.023;0.052;0.003;0.022;0.053;0.01;0.0001;0.001;0.009;0.001;0.001;0.0041;0.184;0.007;0.017;0.0018
2020-12-14;12Х18Н10Т ГОСТ 5632-72;6-20-2-1858;0.0685;0.254;1.117;17.274;10.369;0.513;0.07;0.01;0.175;0.012;0.012;0.0035;0.022;0.051;0.01;0.0001;0.001;0.009;0.001;0.001;0.004;0.188;0.01;0.015;0.0016
2020-12-14;12Х18Н10Т ГОСТ 5632-72;6-20-2-1859;0.0679;0.237;1.124;17.576;10.198;0.475;0.082;0.01;0.228;0.012;0.049;0.0044;0.022;0.05;0.011;0.0001;0.001;0.009;0.001;0.001;0.0045;0.19;0.004;0.016;0.0023
2020-12-15;12Х18Н10Т ГОСТ 5632-72;6-20-2-1860;0.0528;0.278;1.204;17.405;10.349;0.448;0.064;0.01;0.228;0.011;0.048;0.0053;0.023;0.055;0.012;0.0001;0.002;0.009;0.001;0.001;0.005;0.186;0.006;0.0144;0.0021
2020-12-15;12Х18Н10Т ГОСТ 5632-2014 (Mо≤0,3%);6-20-2-1861;0.0533;0.32;1.044;17.413;10.161;0.552;0.109;0.01;0.212;0.035;0.05;0.0046;0.02;0.046;0.01;0.0001;0.002;0.01;0.001;0.001;0.0042;0.36;0.009;0.011;0.0015
2020-12-15;12Х18Н10Т ГОСТ 5632-72;6-20-2-1862;0.0719;0.271;1.266;17.403;10.279;0.431;0.061;0.01;0.266;0.034;0.056;0.0013;0.024;0.064;0.013;0.0001;0.001;0.008;0.001;0.001;0.0041;0.175;0.006;0.014;0.0033
2020-12-15;12Х18Н10Т ГОСТ 5632-72;6-20-2-1864;0.0619;0.336;1.251;17.309;10.221;0.478;0.077;0.01;0.258;0.033;0.053;0.0034;0.023;0.055;0.013;0.0001;0.002;0.009;0.001;0.001;0.0039;0.169;0.005;0.013;0.0024
2020-12-15;12Х18Н10Т ГОСТ 5632-72;6-20-2-1865;0.0696;0.304;1.301;17.529;10.062;0.461;0.072;0.01;0.225;0.022;0.054;0.0036;0.024;0.052;0.013;0.0001;0.002;0.01;0.001;0.001;0.0041;0.2;0.006;0.012;0.0022
2020-12-15;12Х18Н10Т ГОСТ 5632-72;6-20-2-1866;0.0703;0.385;1.12;17.404;10.258;0.522;0.069;0.01;0.221;0.022;0.056;0.0021;0.025;0.182;0.013;0.0001;0.002;0.01;0.001;0.001;0.005;0.204;0.007;0.014;0.002
2020-12-15;12Х18Н10Т ГОСТ 5632-2014 (Mо≤0,3%);6-20-2-1867;0.073;0.234;1.2;17.814;10.005;0.447;0.067;0.01;0.224;0.014;0.049;0.0046;0.02;0.057;0.012;0.0001;0.002;0.009;0.001;0.001;0.004;0.177;0.008;0.013;0.0024
2020-12-15;12Х18Н10Т ГОСТ 5632-72;6-20-2-1868;0.06;0.251;1.152;17.645;10.212;0.451;0.092;0.01;0.261;0.048;0.095;0.0032;0.023;0.074;0.011;0.0001;0.002;0.009;0.001;0.001;0.0046;0.206;0.007;0.013;0.0011
2020-12-16;12Х18Н10Т ГОСТ 5632-72;6-20-2-1869;0.0649;0.251;1.046;17.359;10.193;0.563;0.096;0.01;0.21;0.025;0.059;0.0021;0.021;0.05;0.013;0.0001;0.002;0.01;0.001;0.001;0.0036;0.171;0.008;0.01;0.0023
2020-12-16;12Х18Н10Т ГОСТ 5632-2014 (Mо≤0,3%);6-20-2-1870;0.0654;0.333;1.091;17.389;10.108;0.439;0.088;0.01;0.226;0.012;0.049;0.001;0.021;0.046;0.014;0.0001;0.002;0.01;0.001;0.001;0.0044;0.191;0.004;0.011;0.0027
2020-12-16;12Х18Н10Т ГОСТ 5632-72;6-20-2-1871;0.0679;0.228;1.078;17.329;10.344;0.488;0.083;0.01;0.208;0.013;0.05;0.0035;0.02;0.046;0.015;0.0001;0.002;0.01;0.001;0.001;0.0032;0.164;0.004;0.01;0.0031
2020-12-16;12Х18Н10Т ГОСТ 5632-2014 (Mо≤0,3%);6-20-2-1872;0.0646;0.221;1.108;17.321;10.286;0.507;0.097;0.01;0.175;0.009;0.044;0.0034;0.021;0.053;0.013;0.0001;0.002;0.01;0.001;0.001;0.0037;0.164;0.005;0.009;0.002
2020-12-16;12Х18Н10Т ГОСТ 5632-2014 (Mо≤0,3%);6-20-2-1873;0.0666;0.33;1.183;17.578;10.045;0.522;0.08;0.01;0.214;0.014;0.052;0.0032;0.023;0.051;0.012;0.0001;0.002;0.01;0.001;0.001;0.0039;0.172;0.004;0.011;0.002
2020-12-16;12Х18Н10Т ГОСТ 5632-2014 (Mо≤0,3%);6-20-2-1874;0.0854;0.332;1.112;17.586;10.075;0.546;0.086;0.01;0.196;0.016;0.047;0.0033;0.022;0.056;0.014;0.0001;0.002;0.009;0.001;0.001;0.0043;0.167;0.005;0.009;0.0028
2020-12-16;12Х18Н10Т ГОСТ 5632-72;6-20-2-1875;0.0693;0.364;1.204;17.411;10.078;0.48;0.091;0.01;0.217;0.024;0.052;0.0026;0.025;0.069;0.013;0.0001;0.002;0.009;0.001;0.001;0.0043;0.185;0.003;0.014;0.0018
2020-12-16;12Х18Н10Т ГОСТ 5632-72;6-20-2-1876;0.0723;0.253;1.218;17.413;10.074;0.46;0.082;0.01;0.262;0.03;0.064;0.004;0.024;0.062;0.013;0.0001;0.002;0.009;0.001;0.001;0.0041;0.184;0.004;0.3015;0.002
2020-12-16;12Х18Н10Т ГОСТ 5632-2014 (Mо≤0,3%);6-20-2-1877;0.0726;0.346;1.058;17.272;10.041;0.564;0.091;0.01;0.222;0.022;0.058;0.0031;0.024;0.064;0.014;0.0001;0.002;0.01;0.001;0.001;0.004;0.167;0.007;0.01;0.0024
2020-12-17;12Х18Н10Т ГОСТ 5632-72;6-20-2-1878;0.0661;0.296;1.154;17.207;10.227;0.536;0.099;0.01;0.215;0.01;0.051;0.0047;0.022;0.054;0.013;0.0001;0.002;0.01;0.001;0.001;0.0049;0.21;0.009;0.012;0.0018
