РВСВ_3,РВЛН_13,РВСН_3,РВЛВ_13,РВЛН_11
787.9284,0.0,1329.889,0.0,0.0
804.9395,0.0,1357.989,0.0,0.0
810.9879,0.0,1367.943,0.0,0.0
545.9929,1141.885,1091.986,545.9929,645.9174
545.9929,1142.893,1092.994,545.9929,646.9254
549.8992,1150.958,1100.932,549.8992,649.9496
549.8992,1150.958,1100.932,549.8992,649.9496
551.9153,1153.982,1103.957,551.9153,651.9657
549.8992,1149.95,1099.924,549.8992,649.9496
550.9072,1293.977,1102.949,601.9405,690.9022
550.9072,1293.977,1102.949,601.9405,690.9022
547.8831,1144.909,1095.892,547.8831,647.9335
547.8831,1144.909,1095.892,547.8831,647.9335
546.875,1143.901,1093.876,546.875,646.9254
546.875,1143.901,1093.876,546.875,646.9254
545.9929,1141.885,1091.986,545.9929,645.9174
545.9929,1141.885,1091.986,545.9929,645.9174
546.875,1123.992,1093.876,536.9203,626.8901
548.8911,1126.89,1097.908,538.9365,628.9063
548.8911,1126.89,1097.908,538.9365,628.9063
545.9929,1122.984,1092.994,535.9123,626.8901
544.9849,1120.968,1090.978,534.9042,625.8821
544.9849,1119.96,1089.97,534.9042,625.8821
547.8831,1126.89,1096.9,537.9284,627.8982
547.8831,1126.89,1096.9,537.9284,627.8982
547.8831,1125.882,1095.892,537.9284,627.8982
547.8831,1126.89,1096.9,537.9284,627.8982
547.8831,1126.89,1096.9,537.9284,627.8982
547.8831,1126.89,1096.9,537.9284,627.8982
547.8831,1125.0,1095.892,537.9284,627.8982
599.9244,1384.955,1199.975,579.8891,774.9496
599.9244,1385.963,1200.983,579.8891,774.9496
598.9163,1383.947,1198.967,578.881,773.9415
598.9163,1383.947,1198.967,578.881,773.9415
612.9032,1290.953,1226.941,504.9143,675.9072
612.9032,1290.953,1226.941,504.9143,675.9072
612.9032,1289.945,1225.932,503.9063,674.8992
612.9032,1289.945,1225.932,503.9063,674.8992
596.9002,1378.906,1194.934,576.9909,771.9254
596.9002,1378.906,1194.934,576.9909,771.9254
609.879,1284.904,1220.892,502.8982,672.8831
609.879,1283.896,1219.884,501.8901,672.8831
608.9969,1292.969,1217.994,506.9305,681.9556
611.8951,1287.928,1223.916,503.9063,673.8911
599.9244,1279.99,1199.975,500.0,679.9395
597.9083,1345.892,1195.943,627.8982,737.9032
597.9083,1346.9,1196.951,627.8982,738.9113
597.9083,1345.892,1195.943,627.8982,737.9032
597.9083,1345.892,1195.943,627.8982,737.9032
601.9405,1379.914,1203.881,601.9405,766.8851
601.9405,1380.922,1204.889,601.9405,766.8851
597.9083,1321.951,1196.951,473.9163,723.9163
597.9083,1321.951,1196.951,473.9163,723.9163
547.8831,1125.0,1095.892,537.9284,627.8982
547.8831,1125.0,1095.892,537.9284,627.8982
546.875,1125.0,1094.884,536.9203,627.8982
546.875,1125.0,1094.884,536.9203,627.8982
546.875,1125.0,1094.884,536.9203,627.8982
546.875,1125.0,1094.884,536.9203,627.8982
546.875,1125.0,1094.884,536.9203,627.8982
545.9929,1122.984,1092.994,535.9123,626.8901
545.9929,1121.976,1091.986,535.9123,625.8821
550.9072,1101.941,1101.941,540.9526,600.9324
551.9153,1103.957,1103.957,531.8801,600.9324
551.9153,1103.957,1103.957,500.882,600.9324
551.9153,1129.914,1104.965,501.8901,626.8901
552.9234,1131.93,1106.981,502.8982,627.8982
553.9315,1132.938,1107.989,502.8982,627.8982
599.9244,1375.0,1199.975,599.9244,764.9949
600.9324,1377.898,1202.999,600.9324,765.877
602.9486,1382.938,1206.905,602.9486,767.8931
603.9567,1385.963,1208.921,603.9567,768.9012
603.9567,1384.955,1208.921,603.9567,768.9012
603.9567,1383.947,1207.913,603.9567,767.8931
600.9324,1378.906,1202.999,600.9324,765.877
600.9324,1378.906,1202.999,600.9324,765.877
600.9324,1377.898,1202.999,600.9324,765.877
600.9324,1377.898,1202.999,600.9324,765.877
599.9244,1324.975,1199.975,474.9244,724.9244
599.9244,1324.975,1199.975,474.9244,724.9244
600.9324,1377.898,1202.999,600.9324,765.877
600.9324,1377.898,1202.999,600.9324,765.877
600.9324,1377.898,1202.999,600.9324,765.877
599.9244,1375.882,1200.983,599.9244,764.9949
551.9153,1129.914,1104.965,501.8901,626.8901
551.9153,1129.914,1104.965,501.8901,626.8901
551.9153,1129.914,1104.965,501.8901,626.8901
551.9153,1129.914,1104.965,501.8901,626.8901
551.9153,1129.914,1104.965,501.8901,626.8901
551.9153,1129.914,1104.965,501.8901,626.8901
542.9688,1111.895,1085.938,493.9516,618.9516
542.9688,1111.895,1086.946,493.9516,618.9516
543.9768,1113.911,1088.962,494.9597,619.9597
544.9849,1114.919,1089.97,494.9597,619.9597
548.8911,1122.984,1097.908,498.9919,623.9919
598.9163,1247.984,1197.959,598.9163,638.9869
599.9244,1224.924,1199.975,599.9244,614.9194
600.9324,1226.941,1201.991,600.9324,614.9194
602.9486,1230.973,1205.897,602.9486,616.9355
602.9486,1230.973,1205.897,602.9486,616.9355
602.9486,1230.973,1205.897,602.9486,616.9355
603.9567,1232.989,1207.913,603.9567,617.9435
600.9324,1226.941,1201.991,600.9324,614.9194
608.9969,1244.96,1218.876,608.9969,621.9758
609.879,1244.96,1219.884,609.879,621.9758
612.9032,1252.898,1226.941,612.9032,625.0
613.9113,1254.914,1228.957,613.9113,625.0
615.9274,1257.938,1232.989,615.9274,626.8901
617.9435,1261.971,1235.887,617.9435,627.8982
548.8911,1123.992,1098.916,498.9919,623.9919
549.8992,1149.95,1099.924,500.0,649.9496
549.8992,1150.958,1100.932,500.0,649.9496
553.9315,1301.915,1108.997,604.9647,693.9264
553.9315,1301.915,1108.997,604.9647,693.9264
548.8911,1173.891,1098.916,498.9919,673.8911
548.8911,1171.875,1097.908,498.9919,673.8911
547.8831,1169.985,1095.892,497.9839,672.8831
547.8831,1169.985,1095.892,497.9839,672.8831
549.8992,1251.89,1100.932,600.9324,649.9496
547.8831,1245.968,1095.892,597.9083,647.9335
541.9607,1183.972,1083.921,492.9435,691.9103
541.9607,1183.972,1083.921,492.9435,691.9103
542.9688,1185.988,1085.938,493.9516,692.9183
617.9435,1262.979,1236.895,617.9435,627.8982
619.9597,1266.885,1240.927,619.9597,629.9143
621.9758,1269.909,1243.952,621.9758,630.9224
621.9758,1269.909,1243.952,621.9758,630.9224
621.9758,1270.917,1244.96,621.9758,630.9224
621.9758,1270.917,1244.96,621.9758,630.9224
622.9839,1271.925,1245.968,622.9839,630.9224
622.9839,1271.925,1245.968,622.9839,630.9224
618.9516,1263.987,1237.903,618.9516,628.9063
617.9435,1262.979,1236.895,617.9435,627.8982
613.9113,1254.914,1228.957,613.9113,625.0
613.9113,1253.906,1227.949,613.9113,625.0
612.9032,1251.89,1226.941,612.9032,623.9919
612.9032,1251.89,1225.932,612.9032,623.9919
611.8951,1250.882,1224.924,611.8951,623.9919
611.8951,1250.882,1224.924,611.8951,623.9919
611.8951,1248.992,1223.916,611.8951,622.9839
609.879,1245.968,1220.892,609.879,621.9758
609.879,1245.968,1220.892,609.879,621.9758
609.879,1245.968,1220.892,609.879,621.9758
611.8951,1248.992,1223.916,611.8951,622.9839
611.8951,1250.0,1223.916,611.8951,623.9919
609.879,1245.968,1220.892,609.879,621.9758
609.879,1246.976,1220.892,609.879,622.9839
601.9405,1329.889,1204.889,475.9325,726.9405
602.9486,1329.889,1205.897,476.9405,726.9405
542.9688,1186.996,1086.946,493.9516,693.9264
545.9929,1240.927,1091.986,594.8841,645.9174
545.9929,1240.927,1091.986,594.8841,645.9174
546.875,1194.934,1094.884,497.9839,696.9506
547.8831,1195.943,1095.892,497.9839,697.9587
548.8911,1196.951,1097.908,498.9919,698.9667
548.8911,1196.951,1097.908,498.9919,698.9667
548.8911,1196.951,1097.908,498.9919,698.9667
548.8911,1197.959,1097.908,498.9919,698.9667
548.8911,1198.967,1098.916,498.9919,698.9667
548.8911,1198.967,1098.916,498.9919,698.9667
547.8831,1196.951,1096.9,497.9839,697.9587
547.8831,1196.951,1096.9,497.9839,697.9587
548.8911,1197.959,1097.908,498.9919,698.9667
548.8911,1197.959,1097.908,498.9919,698.9667
549.8992,1199.975,1099.924,500.0,699.9748
548.8911,1197.959,1097.908,498.9919,698.9667
543.9768,1188.886,1088.962,479.9647,693.9264
544.9849,1188.886,1089.97,479.9647,694.9344
545.9929,1192.918,1092.994,481.9808,695.9425
589.9697,1280.998,1180.948,501.8901,691.9103
597.9083,1295.993,1195.943,507.9385,697.9587
597.9083,1296.875,1195.943,507.9385,697.9587
598.9163,1298.891,1198.967,508.9466,698.9667
600.9324,1301.915,1202.999,510.9627,700.9828
600.9324,1302.923,1202.999,510.9627,700.9828
602.9486,1306.956,1206.905,511.9708,702.999
602.9486,1306.956,1206.905,511.9708,702.999
603.9567,1307.964,1207.913,512.9788,702.999
603.9567,1307.964,1207.913,512.9788,702.999
603.9567,1307.964,1207.913,512.9788,702.999
603.9567,1307.964,1207.913,512.9788,702.999
603.9567,1307.964,1207.913,512.9788,702.999
603.9567,1307.964,1207.913,512.9788,702.999
603.9567,1307.964,1208.921,512.9788,702.999
603.9567,1307.964,1208.921,512.9788,702.999
603.9567,1307.964,1208.921,512.9788,702.999
603.9567,1307.964,1208.921,512.9788,702.999
603.9567,1308.972,1208.921,512.9788,703.881
603.9567,1308.972,1208.921,512.9788,703.881
603.9567,1308.972,1208.921,512.9788,703.881
603.9567,1308.972,1208.921,512.9788,703.881
603.9567,1308.972,1208.921,512.9788,703.881
603.9567,1308.972,1208.921,512.9788,703.881
603.9567,1308.972,1208.921,512.9788,703.881
604.9647,1309.98,1209.929,513.9869,703.881
604.9647,1309.98,1209.929,513.9869,703.881
604.9647,1309.98,1209.929,513.9869,703.881
604.9647,1309.98,1209.929,513.9869,703.881
604.9647,1309.98,1209.929,513.9869,703.881
604.9647,1309.98,1209.929,513.9869,703.881
603.9567,1308.972,1208.921,512.9788,703.881
603.9567,1308.972,1208.921,512.9788,703.881
603.9567,1308.972,1208.921,512.9788,703.881
603.9567,1308.972,1208.921,512.9788,703.881
603.9567,1307.964,1207.913,512.9788,702.999
603.9567,1307.964,1207.913,512.9788,702.999
603.9567,1307.964,1207.913,512.9788,702.999
603.9567,1307.964,1207.913,512.9788,702.999
604.9647,1310.988,1210.938,513.9869,703.881
605.9728,1310.988,1211.946,513.9869,704.8891
604.9647,1310.988,1210.938,513.9869,703.881
606.9808,1314.894,1214.97,515.877,705.8972
607.9889,1315.902,1215.978,515.877,705.8972
607.9889,1316.91,1216.986,515.877,706.9052
598.9163,1248.992,1198.967,498.9919,648.9415
621.9758,1270.917,1244.96,621.9758,630.9224
622.9839,1271.925,1245.968,622.9839,630.9224
598.9163,1248.992,1198.967,498.9919,648.9415
598.9163,1247.984,1197.959,498.9919,648.9415
598.9163,1247.984,1197.959,498.9919,648.9415
598.9163,1322.959,1197.959,548.8911,723.9163
602.9486,1330.897,1205.897,501.8901,726.9405
597.9083,1246.976,1196.951,498.9919,648.9415
545.9929,1192.918,1092.994,481.9808,695.9425
547.8831,1195.943,1095.892,482.9889,697.9587
547.8831,1195.943,1095.892,482.9889,697.9587
547.8831,1196.951,1096.9,482.9889,697.9587
547.8831,1196.951,1096.9,482.9889,697.9587
548.8911,1197.959,1097.908,483.997,698.9667
548.8911,1198.967,1098.916,483.997,698.9667
548.8911,1198.967,1098.916,483.997,698.9667
548.8911,1198.967,1098.916,483.997,698.9667
549.8992,1199.975,1099.924,484.879,699.9748
549.8992,1199.975,1099.924,484.879,699.9748
549.8992,1224.924,1099.924,599.9244,625.0
549.8992,1225.932,1100.932,599.9244,625.0
547.8831,1186.996,1096.9,477.9486,687.878
547.8831,1186.996,1096.9,477.9486,687.878
550.9072,1191.91,1101.941,480.9728,690.9022
549.8992,1189.894,1099.924,479.9647,689.8942
549.8992,1189.894,1099.924,479.9647,689.8942
548.8911,1188.886,1098.916,478.9566,688.8861
547.8831,1185.988,1095.892,477.9486,687.878
547.8831,1185.988,1095.892,477.9486,687.878
601.9405,1253.906,1203.881,500.882,650.9576
601.9405,1253.906,1204.889,500.882,651.9657
601.9405,1253.906,1203.881,500.882,650.9576
599.9244,1250.0,1199.975,500.0,649.9496
599.9244,1250.0,1199.975,500.0,649.9496
600.9324,1251.89,1201.991,500.0,649.9496
600.9324,1251.89,1201.991,500.0,649.9496
600.9324,1252.898,1202.999,500.882,650.9576
600.9324,1252.898,1202.999,500.882,650.9576
600.9324,1327.999,1202.999,500.882,725.9324
600.9324,1327.999,1202.999,500.882,725.9324
601.9405,1253.906,1204.889,500.882,651.9657
602.9486,1254.914,1205.897,501.8901,651.9657
589.9697,1231.981,1180.948,492.9435,641.8851
589.9697,1231.981,1180.948,491.9355,641.8851
590.9778,1233.997,1182.964,492.9435,642.8931
589.9697,1231.981,1180.948,492.9435,641.8851
592.994,1236.895,1185.988,493.9516,643.9012
592.994,1236.895,1185.988,493.9516,643.9012
592.994,1236.895,1186.996,494.9597,644.9092
592.994,1236.895,1186.996,494.9597,644.9092
546.875,1182.964,1093.876,476.9405,686.996
546.875,1182.964,1093.876,476.9405,686.996
546.875,1183.972,1093.876,476.9405,686.996
546.875,1194.934,1094.884,477.9486,696.9506
547.8831,1196.951,1096.9,497.9839,697.9587
547.8831,1195.943,1095.892,497.9839,697.9587
547.8831,1194.934,1095.892,477.9486,697.9587
546.875,1194.934,1094.884,477.9486,696.9506
546.875,1194.934,1094.884,477.9486,696.9506
546.875,1194.934,1094.884,477.9486,696.9506
546.875,1133.947,1093.876,486.8952,636.9708
546.875,1133.947,1093.876,486.8952,636.9708
537.9284,1107.989,1076.991,489.9193,619.9597
537.9284,1107.989,1076.991,489.9193,619.9597
537.9284,1107.989,1076.991,469.8841,619.9597
600.9324,1276.966,1202.999,500.882,675.9072
601.9405,1278.982,1203.881,500.882,675.9072
598.9163,1273.942,1198.967,498.9919,673.8911
598.9163,1273.942,1198.967,498.9919,673.8911
598.9163,1273.942,1198.967,498.9919,673.8911
599.9244,1274.95,1199.975,500.0,674.8992
600.9324,1327.999,1202.999,500.882,725.9324
600.9324,1327.999,1202.999,500.882,725.9324
608.9969,1312.878,1217.994,516.8851,701.9909
608.9969,1312.878,1217.994,516.8851,701.9909
541.9607,1113.911,1083.921,472.9083,622.9839
542.9688,1115.927,1085.938,473.9163,623.9919
550.9072,1151.966,1101.941,500.882,650.9576
551.9153,1179.939,1104.965,501.8901,676.9153
539.9446,1110.887,1079.889,471.9002,620.9677
552.9234,1181.956,1106.981,502.8982,677.9234
552.9234,1182.964,1106.981,502.8982,677.9234
553.9315,1182.964,1107.989,502.8982,677.9234
553.9315,1183.972,1108.997,502.8982,678.9315
553.9315,1182.964,1107.989,502.8982,677.9234
549.8992,1175.907,1100.932,500.0,674.8992
549.8992,1174.899,1099.924,500.0,674.8992
548.8911,1172.883,1097.908,498.9919,673.8911
548.8911,1172.883,1097.908,498.9919,673.8911
548.8911,1172.883,1097.908,498.9919,673.8911
548.8911,1172.883,1097.908,498.9919,673.8911
549.8992,1174.899,1099.924,500.0,674.8992
549.8992,1174.899,1099.924,500.0,674.8992
550.9072,1178.931,1102.949,500.882,675.9072
550.9072,1178.931,1102.949,500.882,675.9072
551.9153,1179.939,1104.965,501.8901,676.9153
551.9153,1179.939,1104.965,501.8901,676.9153
552.9234,1181.956,1106.981,502.8982,677.9234
552.9234,1181.956,1106.981,502.8982,677.9234
599.9244,1294.985,1199.975,509.9546,694.9344
599.9244,1294.985,1199.975,509.9546,694.9344
593.876,1293.977,1188.886,485.8871,699.9748
593.876,1293.977,1188.886,485.8871,699.9748
587.9536,1261.971,1175.907,470.8921,674.8992
588.9617,1264.995,1178.931,471.9002,675.9072
552.9234,1182.964,1106.981,502.8982,677.9234
552.9234,1182.964,1106.981,502.8982,677.9234
552.9234,1182.964,1106.981,502.8982,677.9234
552.9234,1182.964,1106.981,502.8982,677.9234
553.9315,1217.994,1107.989,502.8982,713.9617
553.9315,1217.994,1107.989,502.8982,713.9617
553.9315,1217.994,1107.989,502.8982,713.9617
553.9315,1217.994,1107.989,502.8982,713.9617
553.9315,1218.876,1108.997,502.8982,713.9617
553.9315,1218.876,1108.997,502.8982,713.9617
543.9768,1196.951,1087.954,493.9516,703.881
543.9768,1197.959,1088.962,494.9597,703.881
545.9929,1170.993,1091.986,480.9728,675.9072
545.9929,1171.875,1091.986,480.9728,675.9072
546.875,1174.899,1094.884,482.9889,676.9153
594.8841,1274.95,1189.894,475.9325,679.9395
601.9405,1278.982,1203.881,500.882,675.9072
601.9405,1278.982,1203.881,500.882,675.9072
602.9486,1281.88,1206.905,501.8901,677.9234
602.9486,1281.88,1206.905,501.8901,677.9234
546.875,1144.909,1094.884,497.9839,646.9254
546.875,1144.909,1094.884,497.9839,646.9254
554.9395,1160.912,1110.887,524.9496,653.9819
554.9395,1161.92,1110.887,524.9496,654.9899
551.9153,1139.995,1104.965,586.9456,636.9708
551.9153,1139.995,1104.965,586.9456,636.9708
551.9153,1139.995,1104.965,586.9456,636.9708
551.9153,1139.995,1104.965,586.9456,636.9708
602.9486,1396.925,1104.965,652.9738,791.9607
602.9486,1396.925,1104.965,652.9738,791.9607
553.9315,1128.906,1108.997,563.8861,622.9839
553.9315,1129.914,1108.997,564.8942,623.9919
553.9315,1128.906,1108.997,563.8861,622.9839
553.9315,1128.906,1108.997,563.8861,622.9839
604.9647,1401.966,1108.997,654.9899,793.9768
603.9567,1400.958,1108.997,654.9899,793.9768
552.9234,1125.882,1105.973,562.878,621.9758
550.9072,1123.992,1102.949,561.996,620.9677
501.8901,0.0,1004.914,0.0,0.0
551.9153,0.0,1004.914,0.0,0.0
547.8831,1065.902,1095.892,502.8982,567.9183
551.9153,1073.967,1104.965,506.9305,571.9506
553.9315,1108.997,1108.997,503.9063,603.9567
548.8911,1246.976,1097.908,597.9083,747.9839
548.8911,1197.959,1097.908,548.8911,698.9667
548.8911,1197.959,1097.908,548.8911,698.9667
548.8911,1196.951,1097.908,548.8911,698.9667
547.8831,1145.917,1095.892,547.8831,647.9335
547.8831,1145.917,1095.892,547.8831,647.9335
547.8831,1145.917,1095.892,547.8831,647.9335
541.9607,1133.947,1084.929,541.9607,642.8931
541.9607,1133.947,1084.929,541.9607,642.8931
547.8831,1174.899,1095.892,482.9889,677.9234
547.8831,1175.907,1095.892,482.9889,677.9234
547.8831,1175.907,1095.892,482.9889,677.9234
549.8992,1180.948,1100.932,484.879,679.9395
549.8992,1180.948,1100.932,484.879,679.9395
578.881,1228.957,1158.896,526.9657,750.8821
579.8891,1230.973,1160.912,527.9738,751.8901
596.9002,1343.876,1193.926,526.9657,746.9758
596.9002,1343.876,1193.926,526.9657,746.9758
586.9456,1273.942,1174.899,543.9768,757.9385
586.9456,1273.942,1174.899,543.9768,757.9385
597.9083,1295.993,1195.943,552.9234,767.8931
597.9083,1296.875,1196.951,552.9234,767.8931
595.8922,1291.961,1191.91,550.9072,765.877
594.8841,1290.953,1190.902,550.9072,765.877
592.994,1286.92,1186.996,548.8911,763.9869
592.994,1286.92,1186.996,548.8911,763.9869
593.876,1273.942,1187.878,484.879,679.9395
593.876,1273.942,1187.878,484.879,679.9395
550.9072,1227.949,1102.949,500.882,725.9324
551.9153,1229.965,1104.965,501.8901,726.9405
551.9153,1230.973,1104.965,501.8901,726.9405
542.9688,1185.988,1085.938,493.9516,692.9183
549.8992,1199.975,1099.924,500.0,699.9748
547.8831,1121.976,1096.9,472.9083,523.9415
547.8831,1121.976,1096.9,472.9083,523.9415
555.9476,1110.887,1111.895,504.9143,604.9647
555.9476,1111.895,1112.903,504.9143,604.9647
546.875,1113.911,1093.876,486.8952,616.9355
546.875,1113.911,1093.876,486.8952,616.9355
546.875,1113.911,1093.876,486.8952,616.9355
546.875,1133.947,1093.876,476.9405,636.9708
547.8831,1086.946,1096.9,492.9435,587.9536
548.8911,1087.954,1097.908,493.9516,588.9617
548.8911,1097.908,1097.908,498.9919,598.9163
548.8911,1097.908,1097.908,498.9919,598.9163
549.8992,1199.975,1099.924,479.9647,699.9748
549.8992,1199.975,1099.924,479.9647,699.9748
550.9072,1201.991,1101.941,480.9728,700.9828
550.9072,1201.991,1101.941,480.9728,700.9828
549.8992,1201.991,1100.932,479.9647,699.9748
549.8992,1201.991,1100.932,479.9647,699.9748
549.8992,1201.991,1100.932,479.9647,699.9748
549.8992,1201.991,1100.932,479.9647,699.9748
549.8992,1200.983,1100.932,524.9496,599.9244
549.8992,1199.975,1099.924,524.9496,599.9244
548.8911,1198.967,1098.916,523.9415,598.9163
548.8911,1198.967,1098.916,523.9415,598.9163
548.8911,1198.967,1098.916,523.9415,598.9163
549.8992,1199.975,1099.924,524.9496,599.9244
549.8992,1150.958,1100.932,474.9244,549.8992
550.9072,1152.974,1102.949,475.9325,550.9072
599.9244,1300.907,1200.983,549.8992,699.9748
599.9244,1299.899,1199.975,549.8992,699.9748
549.8992,1199.975,1099.924,500.0,599.9244
549.8992,1199.975,1099.924,500.0,599.9244
547.8831,1095.892,1095.892,447.9587,497.9839
547.8831,1096.9,1096.9,447.9587,498.9919
575.9828,1352.949,1201.991,575.9828,750.8821
576.9909,1353.957,1203.881,576.9909,751.8901
576.9909,1354.965,1204.889,576.9909,751.8901
576.9909,1355.973,1204.889,576.9909,751.8901
576.9909,1355.973,1204.889,576.9909,751.8901
577.999,1356.981,1205.897,577.999,752.8982
577.999,1407.888,1206.905,602.9486,802.9234
577.999,1432.964,1206.905,552.9234,827.999
577.999,1433.972,1207.913,552.9234,828.881
578.881,1434.98,1207.913,552.9234,828.881
578.881,1434.98,1207.913,552.9234,828.881
578.881,1434.98,1207.913,552.9234,828.881
577.999,1456.905,1205.897,551.9153,852.9486
576.9909,1455.897,1204.889,551.9153,852.9486
574.9748,1469.884,1199.975,564.8942,849.9244
573.9667,1468.876,1198.967,563.8861,848.9163
572.9587,1444.934,1195.943,557.9637,847.9083
572.9587,1445.943,1196.951,557.9637,847.9083
571.9506,1451.991,1193.926,556.9556,855.9728
578.881,1490.927,1208.921,573.9667,884.9547
578.881,1491.935,1209.929,573.9667,884.9547
579.8891,1482.989,1210.938,569.9344,875.0
579.8891,1482.989,1210.938,569.9344,875.0
570.9426,1451.991,1192.918,555.9476,855.9728
576.9909,1476.941,1204.889,566.9103,872.9839
575.9828,1473.916,1202.999,565.9022,870.9677
574.9748,1469.884,1199.975,564.8942,869.9597
575.9828,1472.908,1201.991,565.9022,870.9677
576.9909,1506.93,1204.889,551.9153,902.9738
577.999,1558.972,1206.905,552.9234,953.881
576.9909,1556.956,1204.889,551.9153,952.999
576.9909,1556.956,1204.889,551.9153,952.999
576.9909,1476.941,1204.889,566.9103,872.9839
576.9909,1506.93,1204.889,551.9153,902.9738
576.9909,1506.93,1204.889,551.9153,902.9738
577.999,1508.947,1206.905,552.9234,903.9819
577.999,1508.947,1207.913,552.9234,903.9819
578.881,1509.955,1207.913,502.8982,903.9819
577.999,1506.93,1205.897,501.8901,902.9738
597.9083,1296.875,1196.951,498.9919,698.9667
597.9083,1346.9,1196.951,548.8911,747.9839
596.9002,1243.952,1193.926,596.9002,646.9254
596.9002,1243.952,1193.926,596.9002,646.9254
596.9002,1243.952,1193.926,596.9002,646.9254
599.9244,1250.882,1200.983,599.9244,649.9496
599.9244,1250.882,1200.983,599.9244,649.9496
599.9244,1200.983,1200.983,599.9244,599.9244
599.9244,1200.983,1200.983,599.9244,599.9244
599.9244,1199.975,1199.975,574.9748,599.9244
599.9244,1200.983,1200.983,574.9748,599.9244
597.9083,1220.892,1195.943,572.9587,622.9839
599.9244,1224.924,1199.975,574.9748,625.0
575.9828,1278.982,1202.999,625.8821,675.9072
574.9748,1250.0,1199.975,589.9697,649.9496
577.999,1356.981,1205.897,577.999,752.8982
574.9748,1250.0,1199.975,589.9697,649.9496
574.9748,1250.0,1199.975,589.9697,649.9496
600.9324,1277.974,1202.999,500.882,675.9072
600.9324,1277.974,1202.999,500.882,675.9072
600.9324,1252.898,1202.999,500.882,650.9576
600.9324,1252.898,1202.999,500.882,650.9576
600.9324,1202.999,1202.999,500.882,600.9324
600.9324,1202.999,1202.999,500.882,600.9324
600.9324,1202.999,1202.999,500.882,600.9324
600.9324,1202.999,1202.999,500.882,600.9324
605.9728,1236.895,1211.946,579.8891,628.9063
605.9728,1236.895,1211.946,579.8891,628.9063
600.9324,1227.949,1202.999,575.9828,625.8821
600.9324,1226.941,1201.991,575.9828,625.0
598.9163,1222.908,1197.959,573.9667,623.9919
597.9083,1220.892,1195.943,572.9587,622.9839
591.9859,1225.932,1184.98,513.9869,633.9466
592.994,1226.941,1185.988,513.9869,633.9466
592.994,1226.941,1186.996,513.9869,634.9547
592.994,1226.941,1186.996,513.9869,634.9547
595.8922,1233.997,1192.918,516.8851,636.9708
595.8922,1233.997,1192.918,516.8851,636.9708
600.9324,1202.999,1202.999,500.882,600.9324
601.9405,1183.972,1204.889,500.882,580.8972
602.9486,1185.988,1205.897,501.8901,581.9052
602.9486,1185.988,1205.897,501.8901,581.9052
600.9324,1202.999,1202.999,500.882,600.9324
600.9324,1202.999,1202.999,500.882,600.9324
599.9244,1224.924,1199.975,574.9748,625.0
599.9244,1224.924,1199.975,574.9748,625.0
599.9244,1224.924,1199.975,574.9748,625.0
599.9244,1224.924,1199.975,574.9748,625.0
599.9244,1224.924,1199.975,574.9748,625.0
599.9244,1224.924,1199.975,574.9748,625.0
599.9244,1224.924,1199.975,574.9748,625.0
599.9244,1224.924,1199.975,574.9748,625.0
599.9244,1224.924,1199.975,574.9748,625.0
599.9244,1224.924,1199.975,574.9748,625.0
599.9244,1224.924,1199.975,574.9748,625.0
599.9244,1224.924,1199.975,574.9748,625.0
598.9163,1397.933,1197.959,598.9163,798.8911
599.9244,1399.95,1199.975,574.9748,799.8992
601.9405,1228.957,1203.881,550.9072,625.8821
600.9324,1252.898,1202.999,525.9576,650.9576
600.9324,1202.999,1202.999,500.882,600.9324
600.9324,1202.999,1202.999,500.882,600.9324
600.9324,1277.974,1202.999,500.882,675.9072
600.9324,1277.974,1202.999,500.882,675.9072
600.9324,1252.898,1202.999,500.882,650.9576
600.9324,1252.898,1202.999,500.882,650.9576
594.8841,1389.995,1190.902,594.8841,795.9929
594.8841,1388.987,1189.894,594.8841,794.9849
594.8841,1239.919,1189.894,520.9174,645.9174
594.8841,1239.919,1189.894,520.9174,645.9174
599.9244,1224.924,1199.975,574.9748,625.0
596.9002,1243.952,1193.926,596.9002,646.9254
601.9405,1253.906,1204.889,500.882,651.9657
601.9405,1253.906,1204.889,500.882,651.9657
599.9244,1275.958,1200.983,449.9748,674.8992
599.9244,1275.958,1200.983,449.9748,674.8992
600.9324,1301.915,1202.999,450.9828,700.9828
601.9405,1303.931,1203.881,450.9828,700.9828
603.9567,1409.904,1208.921,603.9567,803.9315
603.9567,1408.896,1207.913,603.9567,802.9234
603.9567,1308.972,1208.921,452.999,703.881
603.9567,1308.972,1208.921,452.999,703.881
600.9324,1301.915,1201.991,650.9576,699.9748
601.9405,1354.965,1203.881,601.9405,751.8901
600.9324,1453.881,1202.999,726.9405,850.9324
597.9083,1445.943,1195.943,672.8831,847.9083
595.8922,1341.986,1191.91,466.9859,745.9677
594.8841,1339.97,1189.894,465.9778,744.9597
599.9244,1349.924,1199.975,469.8841,750.0
600.9324,1351.941,1201.991,469.8841,750.8821
603.9567,1359.879,1208.921,502.8982,753.9063
604.9647,1359.879,1209.929,502.8982,753.9063
597.9083,1421.875,1196.951,672.8831,822.9587
597.9083,1421.875,1196.951,672.8831,822.9587
597.9083,1421.875,1196.951,672.8831,822.9587
597.9083,1420.993,1195.943,672.8831,822.9587
597.9083,1420.993,1195.943,672.8831,822.9587
597.9083,1420.993,1195.943,672.8831,822.9587
598.9163,1423.891,1198.967,673.8911,823.9667
598.9163,1422.883,1197.959,673.8911,823.9667
598.9163,1422.883,1197.959,673.8911,823.9667
597.9083,1420.993,1195.943,672.8831,822.9587
606.9808,1314.894,1213.962,626.8901,704.8891
606.9808,1314.894,1213.962,646.9254,704.8891
599.9244,1349.924,1199.975,500.0,750.0
599.9244,1349.924,1199.975,500.0,750.0
605.9728,1413.937,1211.946,605.9728,804.9395
605.9728,1413.937,1211.946,605.9728,805.9476
605.9728,1414.945,1212.954,605.9728,805.9476
605.9728,1414.945,1212.954,605.9728,805.9476
605.9728,1414.945,1212.954,605.9728,805.9476
605.9728,1414.945,1212.954,605.9728,805.9476
605.9728,1414.945,1212.954,605.9728,805.9476
605.9728,1414.945,1212.954,605.9728,805.9476
605.9728,1414.945,1212.954,605.9728,805.9476
605.9728,1414.945,1212.954,605.9728,805.9476
606.9808,1416.961,1214.97,606.9808,806.9556
606.9808,1417.969,1214.97,606.9808,806.9556
600.9324,1402.974,1202.999,575.9828,800.9072
600.9324,1402.974,1202.999,575.9828,800.9072
599.9244,1425.907,1200.983,549.8992,824.9748
599.9244,1425.907,1200.983,549.8992,824.9748
599.9244,1424.899,1199.975,549.8992,824.9748
598.9163,1448.967,1198.967,548.8911,848.9163
597.9083,1420.993,1195.943,672.8831,822.9587
597.9083,1445.943,1195.943,547.8831,847.9083
597.9083,1445.943,1195.943,547.8831,847.9083
594.8841,1459.929,1190.902,555.9476,864.9194
594.8841,1459.929,1190.902,555.9476,864.9194
605.9728,1414.945,1212.954,605.9728,805.9476
585.9375,1437.878,1172.883,547.8831,855.9728
586.9456,1438.886,1173.891,547.8831,855.9728
586.9456,1438.886,1173.891,547.8831,855.9728
586.9456,1439.894,1174.899,547.8831,856.9808
587.9536,1441.91,1175.907,548.8911,856.9808
587.9536,1441.91,1175.907,548.8911,856.9808
589.9697,1446.951,1180.948,550.9072,859.879
598.9163,1398.942,1198.967,598.9163,798.8911
598.9163,1297.883,1197.959,598.9163,698.9667
598.9163,1297.883,1197.959,598.9163,698.9667
598.9163,1273.942,1198.967,573.9667,673.8911
599.9244,1274.95,1199.975,574.9748,674.8992
599.9244,1349.924,1199.975,574.9748,750.0
599.9244,1349.924,1199.975,574.9748,750.0
600.9324,1352.949,1202.999,575.9828,750.8821
600.9324,1352.949,1202.999,575.9828,750.8821
597.9083,1320.943,1195.943,572.9587,722.9083
597.9083,1320.943,1195.943,572.9587,722.9083
595.8922,1341.986,1191.91,496.9758,745.9677
595.8922,1341.986,1191.91,496.9758,745.9677
605.9728,1414.945,1212.954,605.9728,805.9476
605.9728,1414.945,1212.954,605.9728,805.9476
605.9728,1414.945,1212.954,605.9728,805.9476
605.9728,1414.945,1212.954,605.9728,805.9476
587.9536,1441.91,1175.907,548.8911,856.9808
600.9324,1372.984,1202.999,580.8972,770.9174
600.9324,1372.984,1202.999,580.8972,770.9174
599.9244,1274.95,1199.975,574.9748,674.8992
597.9083,1366.935,1196.951,577.999,767.8931
598.9163,1367.943,1197.959,578.881,768.9012
599.9244,1370.968,1200.983,579.8891,769.9092
600.9324,1371.976,1201.991,580.8972,770.9174
594.8841,1340.978,1190.902,525.9576,745.9677
594.8841,1340.978,1190.902,525.9576,745.9677
605.9728,1384.955,1212.954,585.9375,775.9576
606.9808,1385.963,1213.962,585.9375,775.9576
606.9808,1385.963,1213.962,585.9375,775.9576
606.9808,1385.963,1213.962,585.9375,775.9576
606.9808,1385.963,1214.97,586.9456,775.9576
606.9808,1385.963,1214.97,586.9456,775.9576
607.9889,1387.979,1215.978,586.9456,776.9657
606.9808,1386.971,1214.97,586.9456,776.9657
608.9969,1390.877,1217.994,587.9536,777.9738
608.9969,1391.885,1218.876,588.9617,778.9819
606.9808,1385.963,1213.962,585.9375,775.9576
595.8922,1341.986,1192.918,526.9657,745.9677
595.8922,1341.986,1191.91,525.9576,745.9677
590.9778,1281.88,1182.964,546.875,761.9708
590.9778,1281.88,1182.964,546.875,761.9708
592.994,1286.92,1186.996,548.8911,763.9869
594.8841,1288.937,1189.894,549.8992,764.9949
594.8841,1288.937,1189.894,549.8992,764.9949
594.8841,1289.945,1189.894,549.8992,764.9949
599.9244,1299.899,1199.975,554.9395,769.9092
599.9244,1300.907,1200.983,554.9395,769.9092
597.9083,1296.875,1196.951,552.9234,767.8931
597.9083,1295.993,1195.943,552.9234,767.8931
595.8922,1292.969,1192.918,551.9153,766.8851
595.8922,1291.961,1192.918,550.9072,765.877
587.9536,1275.958,1176.915,548.8911,689.8942
588.9617,1276.966,1177.923,549.8992,689.8942
585.9375,1319.934,1172.883,585.9375,747.9839
586.9456,1320.943,1174.899,586.9456,747.9839
587.9536,1322.959,1175.907,587.9536,748.9919
588.9617,1326.991,1178.931,588.9617,750.0
592.994,1335.938,1186.996,592.994,753.9063
593.876,1337.954,1188.886,593.876,754.9143
596.9002,1363.911,1194.934,606.9808,776.9657
596.9002,1362.903,1193.926,606.9808,776.9657
594.8841,1288.937,1189.894,549.8992,764.9949
592.994,1286.92,1186.996,548.8911,763.9869
601.9405,1303.931,1203.881,561.996,700.9828
600.9324,1302.923,1202.999,560.9879,700.9828
600.9324,1302.923,1202.999,560.9879,700.9828
601.9405,1303.931,1203.881,561.996,700.9828
602.9486,1306.956,1205.897,562.878,701.9909
602.9486,1306.956,1206.905,562.878,702.999
597.9083,1364.919,1195.943,597.9083,777.9738
597.9083,1364.919,1195.943,597.9083,777.9738
595.8922,1360.887,1191.91,595.8922,775.9576
595.8922,1360.887,1191.91,595.8922,775.9576
594.8841,1359.879,1190.902,594.8841,775.9576
594.8841,1359.879,1190.902,594.8841,775.9576
594.8841,1359.879,1190.902,594.8841,775.9576
594.8841,1359.879,1190.902,594.8841,775.9576
594.8841,1359.879,1190.902,594.8841,775.9576
594.8841,1359.879,1190.902,594.8841,775.9576
594.8841,1359.879,1190.902,594.8841,775.9576
594.8841,1359.879,1190.902,594.8841,775.9576
594.8841,1359.879,1190.902,594.8841,775.9576
594.8841,1359.879,1190.902,594.8841,775.9576
594.8841,1358.997,1189.894,594.8841,774.9496
594.8841,1358.997,1189.894,594.8841,774.9496
594.8841,1358.997,1189.894,594.8841,774.9496
594.8841,1358.997,1189.894,594.8841,774.9496
594.8841,1358.997,1189.894,594.8841,774.9496
594.8841,1358.997,1189.894,594.8841,774.9496
594.8841,1358.997,1189.894,594.8841,774.9496
594.8841,1358.997,1189.894,594.8841,774.9496
594.8841,1357.989,1189.894,594.8841,774.9496
594.8841,1357.989,1189.894,594.8841,774.9496
594.8841,1357.989,1189.894,594.8841,774.9496
594.8841,1357.989,1189.894,594.8841,774.9496
594.8841,1357.989,1189.894,594.8841,774.9496
594.8841,1357.989,1189.894,594.8841,774.9496
594.8841,1357.989,1189.894,594.8841,774.9496
594.8841,1357.989,1189.894,594.8841,774.9496
594.8841,1357.989,1189.894,594.8841,774.9496
594.8841,1357.989,1189.894,594.8841,774.9496
593.876,1356.981,1188.886,593.876,774.9496
593.876,1356.981,1188.886,593.876,774.9496
591.9859,1350.932,1183.972,591.9859,771.9254
591.9859,1350.932,1183.972,591.9859,771.9254
595.8922,1291.961,1192.918,555.9476,696.9506
595.8922,1291.961,1192.918,555.9476,696.9506
590.9778,1350.932,1182.964,590.9778,771.9254
590.9778,1349.924,1181.956,590.9778,770.9174
591.9859,1352.949,1184.98,591.9859,772.9335
592.994,1353.957,1185.988,592.994,772.9335
600.9324,1302.923,1202.999,560.9879,700.9828
600.9324,1302.923,1202.999,560.9879,700.9828
577.999,1225.932,1155.998,539.9446,661.9203
577.999,1225.932,1155.998,539.9446,661.9203
583.9214,1286.92,1168.977,564.8942,715.9778
585.9375,1289.945,1171.875,566.9103,717.994
592.994,1304.939,1185.988,572.9587,723.9163
593.876,1306.956,1187.878,573.9667,724.9244
598.9163,1318.926,1198.967,578.881,728.9567
599.9244,1319.934,1199.975,579.8891,729.9647
596.9002,1373.992,1193.926,576.9909,786.9203
596.9002,1373.992,1193.926,576.9909,786.9203
594.8841,1369.96,1190.902,575.9828,785.9123
594.8841,1369.96,1190.902,575.9828,785.9123
595.8922,1370.968,1191.91,575.9828,785.9123
595.8922,1370.968,1191.91,575.9828,785.9123
593.876,1367.943,1188.886,573.9667,784.9042
593.876,1366.935,1187.878,573.9667,783.8962
597.9083,1295.993,1195.943,527.9738,697.9587
597.9083,1295.993,1195.943,527.9738,697.9587
593.876,1367.943,1188.886,554.9395,784.9042
598.9163,1297.883,1197.959,528.9819,698.9667
598.9163,1297.883,1197.959,528.9819,698.9667
593.876,1367.943,1188.886,554.9395,784.9042
594.8841,1368.952,1189.894,554.9395,784.9042
594.8841,1368.952,1189.894,554.9395,784.9042
597.9083,1295.993,1195.943,527.9738,697.9587
597.9083,1295.993,1195.943,527.9738,697.9587
596.9002,1294.985,1194.934,527.9738,697.9587
596.9002,1293.977,1193.926,526.9657,696.9506
596.9002,1293.977,1193.926,526.9657,696.9506
595.8922,1292.969,1192.918,526.9657,696.9506
596.9002,1293.977,1193.926,526.9657,696.9506
596.9002,1294.985,1194.934,527.9738,697.9587
591.9859,1283.896,1183.972,522.9335,692.9183
591.9859,1283.896,1183.972,522.9335,692.9183
591.9859,1282.888,1183.972,522.9335,692.9183
591.9859,1282.888,1183.972,522.9335,692.9183
591.9859,1282.888,1183.972,522.9335,692.9183
591.9859,1282.888,1183.972,522.9335,692.9183
591.9859,1282.888,1183.972,522.9335,692.9183
591.9859,1282.888,1183.972,522.9335,692.9183
596.9002,1293.977,1193.926,526.9657,696.9506
597.9083,1295.993,1195.943,527.9738,697.9587
591.9859,1282.888,1183.972,522.9335,692.9183
591.9859,1282.888,1183.972,522.9335,692.9183
591.9859,1283.896,1183.972,522.9335,692.9183
591.9859,1283.896,1183.972,522.9335,692.9183
591.9859,1283.896,1183.972,522.9335,692.9183
591.9859,1283.896,1183.972,522.9335,692.9183
591.9859,1283.896,1183.972,522.9335,692.9183
591.9859,1283.896,1183.972,522.9335,692.9183
591.9859,1284.904,1184.98,523.9415,693.9264
591.9859,1284.904,1184.98,523.9415,693.9264
592.994,1286.92,1186.996,523.9415,693.9264
592.994,1286.92,1186.996,523.9415,693.9264
592.994,1286.92,1186.996,524.9496,693.9264
592.994,1286.92,1186.996,524.9496,693.9264
593.876,1287.928,1187.878,524.9496,694.9344
593.876,1288.937,1188.886,524.9496,694.9344
593.876,1288.937,1188.886,524.9496,694.9344
594.8841,1289.945,1189.894,524.9496,694.9344
595.8922,1291.961,1191.91,525.9576,695.9425
595.8922,1292.969,1192.918,526.9657,696.9506
595.8922,1292.969,1192.918,526.9657,696.9506
594.8841,1368.952,1189.894,554.9395,784.9042
594.8841,1368.952,1189.894,554.9395,784.9042
598.9163,1297.883,1197.959,528.9819,698.9667
598.9163,1297.883,1197.959,528.9819,698.9667
598.9163,1297.883,1197.959,528.9819,698.9667
598.9163,1297.883,1197.959,528.9819,698.9667
591.9859,1283.896,1183.972,522.9335,692.9183
591.9859,1282.888,1183.972,522.9335,692.9183
593.876,1287.928,1187.878,553.9315,694.9344
593.876,1258.947,1188.886,554.9395,664.9446
599.9244,1269.909,1199.975,559.9799,669.9849
599.9244,1300.907,1200.983,559.9799,699.9748
599.9244,1299.899,1199.975,559.9799,699.9748
599.9244,1299.899,1199.975,559.9799,699.9748
599.9244,1299.899,1199.975,559.9799,699.9748
599.9244,1299.899,1199.975,559.9799,699.9748
599.9244,1299.899,1199.975,559.9799,699.9748
599.9244,1299.899,1199.975,559.9799,699.9748
599.9244,1300.907,1200.983,559.9799,699.9748
599.9244,1300.907,1200.983,559.9799,699.9748
599.9244,1300.907,1200.983,559.9799,699.9748
599.9244,1300.907,1200.983,559.9799,699.9748
599.9244,1300.907,1200.983,559.9799,699.9748
599.9244,1300.907,1200.983,559.9799,699.9748
599.9244,1299.899,1199.975,559.9799,699.9748
599.9244,1299.899,1199.975,559.9799,699.9748
599.9244,1299.899,1199.975,559.9799,699.9748
599.9244,1299.899,1199.975,559.9799,699.9748
599.9244,1299.899,1199.975,559.9799,699.9748
599.9244,1299.899,1199.975,559.9799,699.9748
599.9244,1299.899,1199.975,559.9799,699.9748
599.9244,1299.899,1199.975,559.9799,699.9748
599.9244,1300.907,1200.983,559.9799,699.9748
599.9244,1300.907,1200.983,559.9799,699.9748
598.9163,1298.891,1198.967,558.9717,698.9667
598.9163,1298.891,1198.967,558.9717,698.9667
599.9244,1300.907,1200.983,559.9799,699.9748
599.9244,1300.907,1200.983,559.9799,699.9748
599.9244,1299.899,1199.975,559.9799,699.9748
599.9244,1299.899,1199.975,559.9799,699.9748
599.9244,1299.899,1199.975,559.9799,699.9748
599.9244,1299.899,1199.975,559.9799,699.9748
598.9163,1297.883,1197.959,558.9717,698.9667
597.9083,1296.875,1196.951,557.9637,698.9667
594.8841,1308.972,1189.894,554.9395,714.9697
594.8841,1357.989,1189.894,574.9748,764.9949
592.994,1237.903,1186.996,533.8962,644.9092
592.994,1236.895,1186.996,533.8962,644.9092
594.8841,1240.927,1189.894,535.9123,645.9174
594.8841,1200.983,1189.894,515.877,605.9728
591.9859,1303.931,1183.972,552.9234,712.9536
591.9859,1303.931,1183.972,552.9234,712.9536
592.994,1306.956,1186.996,553.9315,713.9617
593.876,1307.964,1188.886,554.9395,714.9697
599.9244,1209.929,1199.975,519.9092,609.879
598.9163,1208.921,1198.967,518.9012,608.9969
594.8841,1310.988,1190.902,555.9476,715.9778
595.8922,1311.996,1191.91,555.9476,715.9778
599.9244,1209.929,1199.975,519.9092,609.879
599.9244,1209.929,1199.975,519.9092,609.879
599.9244,1209.929,1199.975,519.9092,609.879
598.9163,1208.921,1198.967,518.9012,608.9969
598.9163,1208.921,1198.967,518.9012,608.9969
598.9163,1208.921,1198.967,518.9012,608.9969
598.9163,1208.921,1198.967,518.9012,608.9969
598.9163,1208.921,1198.967,518.9012,608.9969
0.0,1201.991,0.0,510.9627,506.9305
0.0,1201.991,0.0,510.9627,506.9305
590.9778,1300.907,1181.956,551.9153,711.9456
590.9778,1300.907,1181.956,551.9153,711.9456
0.0,1242.943,0.0,466.9859,576.9909
0.0,1240.927,0.0,465.9778,575.9828
596.9002,1293.977,1193.926,526.9657,696.9506
597.9083,1225.932,1195.943,507.9385,627.8982
597.9083,1226.941,1195.943,507.9385,627.8982
599.9244,1250.0,1199.975,519.9092,649.9496
599.9244,1250.0,1199.975,519.9092,649.9496
599.9244,1250.0,1199.975,519.9092,649.9496
598.9163,1247.984,1197.959,518.9012,648.9415
599.9244,1250.0,1199.975,519.9092,649.9496
599.9244,1250.0,1199.975,519.9092,649.9496
599.9244,1250.0,1199.975,519.9092,649.9496
599.9244,1250.0,1199.975,519.9092,649.9496
599.9244,1250.0,1199.975,519.9092,649.9496
599.9244,1250.0,1199.975,519.9092,649.9496
599.9244,1250.0,1199.975,519.9092,649.9496
596.9002,1244.96,1194.934,517.8931,647.9335
599.9244,1125.0,1199.975,519.9092,524.9496
599.9244,1125.882,1200.983,519.9092,524.9496
601.9405,1178.931,1203.881,500.882,575.9828
599.9244,1199.975,1199.975,500.0,599.9244
600.9324,1302.923,1202.999,500.882,700.9828
600.9324,1302.923,1202.999,500.882,700.9828
0.0,1315.902,0.0,347.9083,647.9335
0.0,1315.902,0.0,347.9083,647.9335
0.0,1423.891,0.0,347.9083,646.9254
0.0,1423.891,0.0,347.9083,646.9254
0.0,1441.91,0.0,436.996,646.9254
0.0,1441.91,0.0,436.996,646.9254
599.9244,1299.899,1199.975,500.0,699.9748
599.9244,1299.899,1199.975,500.0,699.9748
598.9163,1297.883,1197.959,498.9919,698.9667
599.9244,1300.907,1200.983,500.0,699.9748
600.9324,1301.915,1201.991,500.0,699.9748
599.9244,1299.899,1199.975,500.0,699.9748
594.8841,1290.953,1189.894,495.9677,695.9425
594.8841,1290.953,1189.894,495.9677,695.9425
594.8841,1290.953,1189.894,495.9677,695.9425
0.0,1497.984,0.0,548.8911,698.9667
0.0,1498.992,0.0,523.9415,698.9667
0.0,1554.939,0.0,475.9325,751.8901
0.0,1556.956,0.0,476.9405,752.8982
0.0,1577.999,0.0,500.882,775.9576
0.0,1604.965,0.0,500.882,801.9153
0.0,1627.898,0.0,525.9576,825.9828
0.0,1629.914,0.0,525.9576,826.9909
0.0,1523.942,0.0,548.8911,723.9163
0.0,1523.942,0.0,548.8911,723.9163
0.0,1519.909,0.0,547.8831,722.9083
0.0,1519.909,0.0,547.8831,722.9083
0.0,1513.987,0.0,545.9929,720.8922
0.0,1513.987,0.0,545.9929,720.8922
0.0,1514.995,0.0,545.9929,720.8922
0.0,1514.995,0.0,545.9929,720.8922
0.0,1508.947,0.0,543.9768,718.876
0.0,1508.947,0.0,543.9768,718.876
0.0,1508.947,0.0,543.9768,718.876
0.0,1511.971,0.0,544.9849,719.8841
0.0,1512.979,0.0,544.9849,719.8841
0.0,1511.971,0.0,544.9849,719.8841
0.0,1508.947,0.0,543.9768,718.876
0.0,1509.955,0.0,543.9768,718.876
0.0,1509.955,0.0,543.9768,718.876
0.0,1510.963,0.0,544.9849,719.8841
0.0,1509.955,0.0,543.9768,718.876
0.0,1509.955,0.0,543.9768,718.876
0.0,1509.955,0.0,543.9768,718.876
0.0,1509.955,0.0,543.9768,718.876
0.0,1509.955,0.0,543.9768,718.876
0.0,1516.885,0.0,532.8881,727.9486
0.0,1517.893,0.0,533.8962,728.9567
0.0,1518.901,0.0,533.8962,728.9567
0.0,1521.925,0.0,534.9042,729.9647
0.0,1477.949,0.0,393.9012,690.9022
0.0,1478.957,0.0,393.9012,691.9103
0.0,1479.965,0.0,393.9012,691.9103
0.0,1479.965,0.0,393.9012,691.9103
0.0,1480.973,0.0,393.9012,691.9103
0.0,1480.973,0.0,393.9012,691.9103
599.9244,1299.899,1199.975,500.0,699.9748
599.9244,1300.907,1200.983,500.0,699.9748
606.9808,1334.929,1214.97,514.9949,725.9324
606.9808,1334.929,1214.97,515.877,725.9324
607.9889,1336.946,1216.986,515.877,726.9405
605.9728,1331.905,1211.946,513.9869,724.9244
595.8922,1312.878,1192.918,506.9305,716.9859
594.8841,1309.98,1189.894,505.9224,715.9778
594.8841,1309.98,1189.894,505.9224,714.9697
593.876,1308.972,1188.886,504.9143,714.9697
591.9859,1304.939,1184.98,503.9063,712.9536
591.9859,1304.939,1184.98,503.9063,712.9536
591.9859,1303.931,1183.972,503.9063,712.9536
591.9859,1303.931,1183.972,503.9063,712.9536
600.9324,1327.999,1202.999,525.9576,725.9324
600.9324,1352.949,1202.999,525.9576,750.8821
0.0,967.994,0.0,398.9415,498.9919
0.0,987.9032,0.0,418.9768,518.9012
591.9859,1282.888,1183.972,522.9335,692.9183
595.8922,1292.969,1192.918,526.9657,696.9506
592.994,1286.92,1186.996,524.9496,693.9264
592.994,1286.92,1186.996,524.9496,693.9264
591.9859,1283.896,1183.972,522.9335,692.9183
591.9859,1283.896,1183.972,522.9335,692.9183
591.9859,1282.888,1183.972,522.9335,692.9183
591.9859,1283.896,1183.972,522.9335,692.9183
591.9859,1282.888,1183.972,522.9335,692.9183
591.9859,1283.896,1183.972,522.9335,692.9183
593.876,1356.981,1188.886,593.876,774.9496
594.8841,1359.879,1190.902,594.8841,775.9576
594.8841,1357.989,1189.894,594.8841,774.9496
594.8841,1357.989,1189.894,594.8841,774.9496
0.0,1509.955,0.0,543.9768,718.876
593.876,1308.972,1188.886,504.9143,714.9697
0.0,1508.947,0.0,543.9768,718.876
598.9163,1208.921,1198.967,518.9012,608.9969
614.9194,1380.922,1229.965,536.9203,762.9788
614.9194,1380.922,1229.965,536.9203,762.9788
617.9435,1387.979,1236.895,533.8962,765.877
617.9435,1386.971,1235.887,533.8962,765.877
612.9032,1388.987,1226.941,530.998,761.9708
613.9113,1389.995,1227.949,530.998,761.9708
598.9163,1472.908,1197.959,548.8911,863.9113
598.9163,1472.908,1197.959,548.8911,863.9113
515.877,0.0,954.3851,0.0,0.0
515.877,0.0,954.3851,0.0,0.0
596.9002,1467.994,1193.926,546.875,861.8951
599.9244,1424.899,1199.975,625.0,814.8942
599.9244,1424.899,1199.975,599.9244,814.8942
599.9244,1424.899,1199.975,599.9244,814.8942
0.0,1509.955,0.0,543.9768,718.876
591.9859,1284.904,1184.98,523.9415,693.9264
591.9859,1284.904,1184.98,523.9415,693.9264
0.0,1509.955,0.0,543.9768,718.876
585.9375,1354.965,1172.883,566.9103,761.9708
587.9536,1358.997,1176.915,568.9264,763.9869
591.9859,1366.935,1183.972,571.9506,767.8931
591.9859,1367.943,1184.98,572.9587,767.8931
0.0,960.9375,0.0,415.9526,495.9677
0.0,960.9375,0.0,415.9526,495.9677
0.0,939.8942,0.0,404.9899,474.9244
0.0,939.8942,0.0,404.9899,474.9244
597.9083,1380.922,1195.943,577.999,772.9335
597.9083,1381.93,1196.951,577.999,772.9335
601.9405,1389.995,1203.881,581.9052,776.9657
601.9405,1389.995,1203.881,581.9052,776.9657
602.9486,1390.877,1205.897,581.9052,776.9657
602.9486,1391.885,1205.897,582.9133,777.9738
602.9486,1391.885,1205.897,582.9133,777.9738
602.9486,1392.893,1206.905,582.9133,777.9738
597.9083,1315.902,1195.943,557.9637,717.994
597.9083,1315.902,1195.943,557.9637,717.994
599.9244,1384.955,1199.975,579.8891,774.9496
599.9244,1385.963,1200.983,579.8891,774.9496
595.8922,1312.878,1192.918,556.9556,716.9859
595.8922,1312.878,1192.918,556.9556,716.9859
584.9294,1318.926,1169.985,497.9839,735.8871
583.9214,1317.918,1168.977,497.9839,735.8871
585.9375,1354.965,1172.883,566.9103,761.9708
588.9617,1360.887,1177.923,568.9264,764.9949
593.876,1371.976,1187.878,573.9667,768.9012
595.8922,1376.89,1192.918,575.9828,770.9174
610.8871,1296.875,1222.908,507.9385,683.9717
610.8871,1296.875,1222.908,507.9385,683.9717
595.8922,1376.89,1192.918,575.9828,770.9174
595.8922,1377.898,1192.918,576.9909,771.9254
589.9697,1362.903,1180.948,570.9426,765.877
589.9697,1362.903,1180.948,570.9426,765.877
590.9778,1365.927,1182.964,571.9506,766.8851
591.9859,1366.935,1183.972,571.9506,766.8851
591.9859,1366.935,1183.972,571.9506,766.8851
591.9859,1366.935,1183.972,571.9506,766.8851
601.9405,1389.995,1203.881,581.9052,776.9657
606.9808,1288.937,1214.97,504.9143,680.9476
606.9808,1289.945,1214.97,504.9143,680.9476
608.9969,1292.969,1217.994,506.9305,681.9556
608.9969,1292.969,1218.876,506.9305,681.9556
609.879,1293.977,1219.884,506.9305,682.9637
609.879,1294.985,1220.892,506.9305,682.9637
599.9244,1385.963,1200.983,579.8891,774.9496
599.9244,1385.963,1200.983,579.8891,774.9496
619.9597,1302.923,1239.919,509.9546,680.9476
619.9597,1302.923,1239.919,509.9546,680.9476
618.9516,1301.915,1238.911,508.9466,679.9395
615.9274,1295.993,1232.989,506.9305,677.9234
541.9607,1162.928,1083.921,477.9486,671.875
541.9607,1162.928,1083.921,477.9486,671.875
550.9072,1182.964,1102.949,485.8871,680.9476
552.9234,1205.897,1105.973,486.8952,702.999
550.9072,1201.991,1101.941,485.8871,700.9828
589.9697,1366.935,1179.939,598.9163,848.9163
590.9778,1369.96,1182.964,600.9324,850.9324
590.9778,1369.96,1182.964,600.9324,850.9324
589.9697,1367.943,1180.948,599.9244,849.9244
590.9778,1330.897,1182.964,590.9778,751.8901
591.9859,1331.905,1183.972,591.9859,752.8982
591.9859,1331.905,1183.972,591.9859,751.8901
591.9859,1331.905,1183.972,591.9859,752.8982
592.994,1335.938,1186.996,592.994,753.9063
593.876,1336.946,1187.878,593.876,753.9063
597.9083,1295.993,1195.943,557.9637,697.9587
597.9083,1296.875,1196.951,557.9637,698.9667
594.8841,1244.96,1189.894,470.8921,650.9576
594.8841,1244.96,1189.894,470.8921,650.9576
605.9728,1266.885,1211.946,478.9566,659.9042
606.9808,1267.893,1213.962,479.9647,659.9042
598.9163,1273.942,1198.967,498.9919,673.8911
598.9163,1272.933,1197.959,498.9919,673.8911
599.9244,1350.932,1200.983,625.0,750.0
601.9405,1354.965,1203.881,626.8901,751.8901
601.9405,1379.914,1203.881,626.8901,776.9657
0.0,1423.891,0.0,666.9607,720.8922
0.0,1375.882,0.0,646.9254,671.875
0.0,1376.89,0.0,647.9335,671.875
0.0,1377.898,0.0,648.9415,672.8831
0.0,1378.906,0.0,648.9415,672.8831
0.0,1379.914,0.0,648.9415,672.8831
0.0,1323.967,0.0,625.8821,620.9677
0.0,1323.967,0.0,625.8821,620.9677
0.0,1329.889,0.0,628.9063,622.9839
0.0,1313.886,0.0,611.8951,617.9435
0.0,1264.995,0.0,535.9123,593.876
0.0,1266.885,0.0,535.9123,594.8841
0.0,1267.893,0.0,536.9203,594.8841
0.0,1269.909,0.0,537.9284,595.8922
0.0,1270.917,0.0,537.9284,595.8922
0.0,1271.925,0.0,537.9284,595.8922
589.9697,1231.981,1180.948,477.9486,641.8851
590.9778,1252.898,1181.956,487.9032,662.9284
589.9697,1251.89,1180.948,487.9032,661.9203
590.9778,1252.898,1181.956,487.9032,662.9284
591.9859,1255.922,1184.98,488.9113,663.9365
592.994,1257.938,1186.996,489.9193,664.9446
0.0,1233.997,0.0,572.9587,550.9072
0.0,1330.897,0.0,620.9677,649.9496
594.8841,1269.909,1189.894,495.9677,675.9072
594.8841,1269.909,1189.894,495.9677,675.9072
0.0,1266.885,0.0,535.9123,594.8841
0.0,1264.995,0.0,535.9123,593.876
589.9697,1231.981,1180.948,477.9486,641.8851
590.9778,1252.898,1181.956,487.9032,662.9284
591.9859,1265.877,1184.98,493.9516,673.8911
599.9244,1299.899,1199.975,500.0,699.9748
598.9163,1298.891,1198.967,598.9163,698.9667
598.9163,1373.992,1198.967,598.9163,773.9415
603.9567,1358.997,1207.913,628.9063,752.8982
603.9567,1360.887,1208.921,629.9143,753.9063
609.879,1373.992,1220.892,635.9627,758.9466
610.8871,1375.0,1221.9,635.9627,759.9547
611.8951,1378.906,1224.924,637.9788,760.9627
612.9032,1379.914,1225.932,637.9788,760.9627
616.9355,1387.979,1233.997,641.8851,764.9949
615.9274,1386.971,1232.989,641.8851,763.9869
614.9194,1384.955,1229.965,640.877,762.9788
614.9194,1383.947,1229.965,639.9949,762.9788
614.9194,1383.947,1229.965,639.9949,762.9788
611.8951,1378.906,1224.924,637.9788,760.9627
612.9032,1379.914,1225.932,637.9788,760.9627
612.9032,1364.919,1226.941,648.9415,745.9677
601.9405,1309.98,1204.889,621.9758,706.9052
597.9083,1301.915,1196.951,602.9486,703.881
594.8841,1288.937,1189.894,594.8841,694.9344
596.9002,1293.977,1193.926,596.9002,696.9506
614.9194,1383.947,1229.965,639.9949,762.9788
611.8951,1378.906,1224.924,637.9788,760.9627
588.9617,1276.966,1178.931,588.9617,690.9022
600.9324,1353.957,1202.999,625.8821,750.8821
600.9324,1428.931,1202.999,651.9657,825.9828
600.9324,1504.914,1202.999,726.9405,901.9657
609.879,1373.992,1220.892,635.9627,758.9466
602.9486,1533.896,1205.897,728.9567,927.9234
602.9486,1533.896,1205.897,728.9567,927.9234
608.9969,1371.976,1218.876,634.9547,757.9385
608.9969,1370.968,1217.994,633.9466,757.9385
604.9647,1539.945,1210.938,731.9808,930.9476
601.9405,1556.956,1204.889,727.9486,951.9909
606.9808,1367.943,1214.97,632.9385,756.9304
606.9808,1367.943,1214.97,632.9385,756.9304
600.9324,1603.957,1202.999,776.9657,1000.882
600.9324,1604.965,1202.999,801.9153,1001.89
601.9405,1630.922,1203.881,802.9234,1026.966
597.9083,1643.901,1195.943,796.875,1046.875
594.8841,1635.963,1189.894,792.9688,1043.977
594.8841,1633.947,1189.894,791.9607,1042.969
594.8841,1633.947,1189.894,791.9607,1042.969
582.9133,1286.92,1165.953,630.9224,709.9294
582.9133,1287.928,1166.961,630.9224,709.9294
582.9133,1287.928,1166.961,630.9224,709.9294
583.9214,1288.937,1167.969,631.9304,710.9375
584.9294,1290.953,1169.985,632.9385,711.9456
584.9294,1291.961,1170.993,633.9466,711.9456
601.9405,1429.939,1203.881,701.9909,826.9909
601.9405,1429.939,1203.881,701.9909,826.9909
598.9163,1423.891,1198.967,698.9667,823.9667
608.9969,1370.968,1217.994,633.9466,757.9385
610.8871,1375.0,1221.9,635.9627,759.9547
598.9163,1423.891,1198.967,698.9667,823.9667
598.9163,1422.883,1197.959,698.9667,823.9667
598.9163,1422.883,1197.959,698.9667,823.9667
599.9244,1425.907,1200.983,699.9748,824.9748
600.9324,1427.923,1202.999,700.9828,825.9828
601.9405,1429.939,1203.881,701.9909,826.9909
601.9405,1430.948,1204.889,702.999,826.9909
605.9728,1439.894,1211.946,706.9052,829.8891
606.9808,1441.91,1213.962,707.9133,831.9052
605.9728,1439.894,1211.946,706.9052,830.8972
605.9728,1439.894,1211.946,706.9052,830.8972
604.9647,1438.886,1210.938,705.8972,829.8891
602.9486,1433.972,1206.905,703.881,827.999
594.8841,1636.971,1190.902,792.9688,1043.977
597.9083,1643.901,1195.943,796.875,1046.875
583.9214,1288.937,1167.969,631.9304,710.9375
601.9405,1429.939,1203.881,701.9909,826.9909
608.9969,1371.976,1218.876,634.9547,757.9385
608.9969,1371.976,1218.876,634.9547,757.9385
606.9808,1367.943,1214.97,632.9385,756.9304
608.9969,1371.976,1218.876,634.9547,757.9385
599.9244,1149.95,1199.975,574.9748,549.8992
600.9324,1176.915,1202.999,575.9828,575.9828
599.9244,1199.975,1199.975,549.8992,599.9244
600.9324,1202.999,1202.999,550.9072,600.9324
599.9244,1300.907,1200.983,574.9748,699.9748
601.9405,1303.931,1203.881,576.9909,700.9828
602.9486,1306.956,1205.897,577.999,701.9909
602.9486,1306.956,1206.905,577.999,702.999
599.9244,1300.907,1200.983,599.9244,699.9748
598.9163,1347.908,1197.959,623.9919,748.9919
599.9244,1349.924,1199.975,625.0,750.0
599.9244,1350.932,1200.983,625.0,750.0
599.9244,1350.932,1200.983,625.0,750.0
599.9244,1350.932,1200.983,625.0,750.0
600.9324,1352.949,1202.999,625.8821,750.8821
601.9405,1354.965,1203.881,626.8901,751.8901
601.9405,1329.889,1204.889,626.8901,726.9405
599.9244,1375.0,1199.975,599.9244,774.9496
600.9324,1327.999,1202.999,650.9576,725.9324
601.9405,1329.889,1203.881,651.9657,725.9324
599.9244,1349.924,1199.975,674.8992,750.0
599.9244,1349.924,1199.975,674.8992,750.0
598.9163,1348.916,1198.967,673.8911,748.9919
599.9244,1349.924,1199.975,674.8992,750.0
598.9163,1373.992,1198.967,673.8911,773.9415
598.9163,1373.992,1198.967,673.8911,773.9415
598.9163,1372.984,1197.959,673.8911,773.9415
598.9163,1373.992,1198.967,673.8911,773.9415
602.9486,1401.966,1205.897,687.878,796.875
603.9567,1405.998,1208.921,689.8942,798.8911
600.9324,1352.949,1202.999,625.8821,750.8821
599.9244,1356.981,1199.975,619.9597,756.9304
600.9324,1358.997,1201.991,628.9063,757.9385
599.9244,1350.932,1200.983,625.0,750.0
598.9163,1347.908,1197.959,623.9919,748.9919
599.9244,1349.924,1199.975,674.8992,750.0
601.9405,1329.889,1203.881,651.9657,725.9324
598.9163,1348.916,1198.967,673.8911,748.9919
598.9163,1373.992,1198.967,673.8911,773.9415
599.9244,1349.924,1199.975,625.0,750.0
599.9244,1300.907,1200.983,574.9748,699.9748
599.9244,1350.932,1200.983,625.0,750.0
600.9324,1351.941,1201.991,625.8821,750.8821
600.9324,1351.941,1201.991,625.8821,750.8821
0.0,1375.882,0.0,646.9254,671.875
0.0,1378.906,0.0,648.9415,672.8831
600.9324,1303.931,1202.999,651.9657,700.9828
602.9486,1305.948,1205.897,627.8982,701.9909
599.9244,1350.932,1200.983,625.0,750.0
602.9486,1356.981,1205.897,627.8982,752.8982
597.9083,1395.917,1195.943,697.9587,797.8831
597.9083,1395.917,1195.943,697.9587,797.8831
597.9083,1395.917,1195.943,697.9587,797.8831
597.9083,1369.96,1195.943,696.9506,772.9335
595.8922,1366.935,1192.918,695.9425,771.9254
595.8922,1365.927,1192.918,694.9344,770.9174
598.9163,1397.933,1197.959,698.9667,798.8911
598.9163,1407.888,1197.959,698.9667,808.9717
599.9244,1424.899,1199.975,674.8992,824.9748
599.9244,1424.899,1199.975,674.8992,824.9748
599.9244,1399.95,1199.975,684.9799,799.8992
599.9244,1399.95,1199.975,684.9799,799.8992
599.9244,1399.95,1199.975,684.9799,799.8992
599.9244,1400.958,1200.983,684.9799,799.8992
599.9244,1399.95,1199.975,684.9799,799.8992
0.0,1412.928,0.0,660.9123,716.9859
0.0,1423.891,0.0,666.9607,720.8922
0.0,1411.92,0.0,660.9123,716.9859
594.8841,1388.987,1190.902,679.9395,795.9929
594.8841,1388.987,1190.902,679.9395,795.9929
595.8922,1389.995,1191.91,679.9395,795.9929
594.8841,1388.987,1190.902,679.9395,795.9929
594.8841,1388.987,1190.902,679.9395,795.9929
557.9637,1268.901,1115.927,639.9949,747.9839
557.9637,1268.901,1115.927,639.9949,747.9839
557.9637,1270.917,1116.935,639.9949,747.9839
558.9717,1271.925,1117.943,640.877,748.9919
594.8841,1388.987,1190.902,679.9395,795.9929
556.9556,1268.901,1114.919,638.9869,746.9758
555.9476,1265.877,1112.903,637.9788,745.9677
557.9637,1269.909,1116.935,639.9949,747.9839
557.9637,1269.909,1116.935,639.9949,747.9839
557.9637,1270.917,1116.935,639.9949,747.9839
558.9717,1271.925,1117.943,640.877,748.9919
558.9717,1271.925,1117.943,640.877,748.9919
558.9717,1272.933,1118.952,640.877,748.9919
607.9889,1379.914,1216.986,699.9748,766.8851
616.9355,1399.95,1233.997,709.9294,774.9496
597.9083,1396.925,1196.951,697.9587,797.8831
597.9083,1396.925,1196.951,697.9587,797.8831
598.9163,1397.933,1197.959,698.9667,798.8911
595.8922,1365.927,1192.918,694.9344,770.9174
559.9799,1275.958,1120.968,642.8931,750.0
560.9879,1276.966,1121.976,642.8931,750.8821
0.0,1371.976,0.0,635.9627,669.9849
0.0,1371.976,0.0,635.9627,669.9849
0.0,1248.992,0.0,558.9717,548.8911
0.0,1248.992,0.0,558.9717,548.8911
0.0,1281.88,0.0,509.9546,579.8891
0.0,1281.88,0.0,509.9546,579.8891
0.0,1281.88,0.0,509.9546,579.8891
0.0,1301.915,0.0,489.9193,599.9244
0.0,1301.915,0.0,489.9193,599.9244
0.0,1301.915,0.0,489.9193,599.9244
559.9799,1275.958,1120.968,642.8931,750.0
559.9799,1275.958,1120.968,642.8931,750.0
560.9879,1276.966,1121.976,642.8931,750.8821
560.9879,1276.966,1121.976,642.8931,750.8821
559.9799,1273.942,1119.96,641.8851,750.0
559.9799,1273.942,1119.96,641.8851,750.0
599.9244,1400.958,1200.983,649.9496,799.8992
500.882,1102.949,1001.89,550.9072,500.882
0.0,1412.928,0.0,660.9123,716.9859
559.9799,1325.983,1119.96,697.9587,800.9072
559.9799,1325.983,1119.96,697.9587,800.9072
548.8911,1308.972,1098.916,688.8861,798.8911
548.8911,1307.964,1097.908,688.8861,798.8911
0.0,1266.885,0.0,473.9163,568.9264
561.996,1321.951,1125.0,696.9506,792.9688
562.878,1322.959,1125.882,696.9506,793.9768
562.878,1324.975,1126.89,697.9587,793.9768
562.878,1323.967,1126.89,697.9587,793.9768
562.878,1323.967,1126.89,697.9587,793.9768
563.8861,1325.983,1127.898,698.9667,794.9849
562.878,1323.967,1126.89,697.9587,793.9768
562.878,1324.975,1126.89,697.9587,793.9768
562.878,1324.975,1126.89,697.9587,793.9768
563.8861,1325.983,1127.898,698.9667,794.9849
0.0,1278.982,0.0,477.9486,572.9587
0.0,1277.974,0.0,477.9486,572.9587
561.996,1321.951,1125.0,695.9425,792.9688
561.996,1320.943,1123.992,695.9425,791.9607
561.996,1321.951,1125.0,695.9425,792.9688
561.996,1321.951,1125.0,695.9425,792.9688
550.9072,1323.967,1102.949,696.9506,810.9879
551.9153,1325.983,1103.957,697.9587,811.996
551.9153,1325.983,1103.957,697.9587,811.996
552.9234,1328.881,1106.981,693.9264,813.8861
552.9234,1327.999,1105.973,708.9214,812.878
552.9234,1329.889,1106.981,694.9344,813.8861
554.9395,1334.929,1110.887,697.9587,815.9022
554.9395,1334.929,1110.887,697.9587,815.9022
556.9556,1338.962,1113.911,698.9667,817.9183
556.9556,1338.962,1114.919,699.9748,817.9183
550.9072,1323.967,1102.949,696.9506,810.9879
551.9153,1325.983,1103.957,697.9587,811.996
551.9153,1325.983,1103.957,697.9587,811.996
551.9153,1325.983,1103.957,697.9587,811.996
552.9234,1329.889,1106.981,694.9344,813.8861
552.9234,1329.889,1106.981,694.9344,813.8861
551.9153,1326.991,1104.965,693.9264,812.878
551.9153,1325.983,1104.965,692.9183,811.996
561.996,1321.951,1125.0,696.9506,792.9688
549.8992,1370.968,1100.932,689.8942,859.879
549.8992,1369.96,1099.924,689.8942,859.879
549.8992,1369.96,1099.924,689.8942,859.879
549.8992,1369.96,1099.924,689.8942,859.879
549.8992,1369.96,1099.924,689.8942,859.879
549.8992,1369.96,1099.924,689.8942,859.879
549.8992,1369.96,1099.924,689.8942,859.879
549.8992,1369.96,1099.924,689.8942,859.879
549.8992,1269.909,1099.924,639.9949,759.9547
549.8992,1269.909,1099.924,639.9949,759.9547
548.8911,1198.967,1098.916,598.9163,688.8861
548.8911,1198.967,1098.916,598.9163,688.8861
548.8911,1198.967,1098.916,598.9163,688.8861
549.8992,1199.975,1099.924,599.9244,689.8942
554.5615,0.0,1026.084,0.0,0.0
549.8992,1200.983,1100.932,599.9244,689.8942
549.8992,1200.983,1100.932,599.9244,689.8942
549.8992,1200.983,1100.932,599.9244,689.8942
549.8992,1200.983,1100.932,599.9244,689.8942
549.8992,1200.983,1100.932,599.9244,689.8942
549.8992,1370.968,1100.932,689.8942,859.879
549.8992,1369.96,1099.924,689.8942,859.879
592.994,1441.91,1185.988,705.8972,852.9486
613.9113,1434.98,1228.957,696.9506,813.8861
594.8841,1388.987,1190.902,679.9395,795.9929
561.996,1321.951,1125.0,695.9425,792.9688
561.996,1321.951,1125.0,695.9425,792.9688
547.8831,1470.892,1096.9,722.9083,962.9536
548.8911,1470.892,1097.908,747.9839,962.9536
0.0,1496.976,0.0,723.9163,798.8911
549.8992,1551.915,1100.932,750.8821,1039.945
0.0,1451.991,0.0,700.9828,750.8821
549.8992,1551.915,1100.932,750.8821,1039.945
551.9153,1531.88,1103.957,727.9486,1017.893
551.9153,1505.922,1103.957,702.999,992.9435
614.9194,1435.988,1229.965,696.9506,813.8861
550.9072,1303.931,1102.949,601.9405,791.9607
550.9072,1303.931,1102.949,601.9405,791.9607
551.9153,1254.914,1103.957,571.9506,741.9355
553.9315,1411.92,1108.997,649.9496,894.9092
553.9315,1370.968,1107.989,629.9143,853.9567
554.9395,1372.984,1109.879,630.9224,855.9728
549.8992,1359.879,1099.924,625.0,849.9244
549.8992,1361.895,1100.932,625.8821,850.9324
614.9194,1435.988,1229.965,696.9506,813.8861
611.8951,1430.948,1224.924,694.9344,811.996
611.8951,1430.948,1224.924,694.9344,811.996
614.9194,1435.988,1229.965,696.9506,813.8861
612.9032,1432.964,1226.941,695.9425,812.878
557.9637,1269.909,1116.935,639.9949,747.9839
557.9637,1269.909,1116.935,639.9949,747.9839
0.0,1281.88,0.0,509.9546,579.8891
551.9153,1325.983,1103.957,697.9587,811.996
550.9072,1373.992,1102.949,625.8821,860.8871
594.8841,1388.987,1190.902,679.9395,795.9929
549.8992,1369.96,1099.924,689.8942,859.879
549.8992,1369.96,1099.924,689.8942,859.879
551.9153,1375.882,1103.957,626.8901,861.8951
551.9153,1375.882,1103.957,626.8901,861.8951
551.9153,1405.998,1103.957,601.9405,891.8851
551.9153,1405.998,1103.957,601.9405,891.8851
551.9153,1406.88,1104.965,602.9486,892.8931
551.9153,1406.88,1104.965,602.9486,892.8931
549.8992,1401.966,1100.932,600.9324,890.877
551.9153,1405.998,1103.957,601.9405,891.8851
549.8992,1401.966,1100.932,600.9324,890.877
549.8992,1401.966,1100.932,600.9324,890.877
549.8992,1400.958,1100.932,599.9244,889.9949
551.9153,1395.917,1103.957,601.9405,881.9304
551.9153,1395.917,1103.957,601.9405,881.9304
551.9153,1395.917,1103.957,601.9405,881.9304
548.8911,1388.987,1098.916,598.9163,878.9063
551.9153,1396.925,1104.965,602.9486,882.9385
551.9153,1305.948,1104.965,602.9486,791.9607
549.8992,1389.995,1099.924,599.9244,879.9143
549.8992,1384.955,1099.924,599.9244,875.0
551.9153,1304.939,1103.957,601.9405,791.9607
550.9072,1302.923,1101.941,600.9324,790.9526
548.8911,1416.961,1097.908,597.9083,907.8881
548.8911,1416.961,1097.908,597.9083,907.8881
550.9072,1302.923,1101.941,600.9324,790.9526
547.8831,1413.937,1095.892,596.9002,906.88
547.8831,1413.937,1095.892,596.9002,906.88
547.8831,1413.937,1095.892,596.9002,906.88
548.8911,1418.977,1098.916,598.9163,908.8962
548.8911,1418.977,1098.916,598.9163,908.8962
547.8831,1415.953,1096.9,607.9889,907.8881
547.8831,1384.955,1095.892,701.9909,877.8982
547.8831,1383.947,1095.892,701.9909,876.8901
546.875,1381.93,1093.876,690.9022,875.8821
546.875,1382.938,1094.884,690.9022,876.8901
547.8831,1383.947,1095.892,691.9103,876.8901
547.8831,1384.955,1095.892,691.9103,877.8982
547.8831,1384.955,1095.892,691.9103,877.8982
547.8831,1384.955,1095.892,691.9103,877.8982
543.9768,1375.0,1088.962,686.996,872.9839
551.9153,1366.935,1104.965,697.9587,852.9486
553.9315,1382.938,1108.997,680.9476,864.9194
552.9234,1387.979,1105.973,627.8982,872.9839
560.9879,1277.974,1122.984,643.9012,750.8821
559.9799,1305.948,1120.968,657.8881,780.998
594.8841,1388.987,1190.902,679.9395,795.9929
547.8831,1413.937,1095.892,596.9002,906.88
551.9153,1405.998,1103.957,601.9405,891.8851
551.9153,1405.998,1103.957,601.9405,891.8851
594.8841,1388.987,1190.902,679.9395,795.9929
594.8841,1388.987,1190.902,679.9395,795.9929
594.8841,1388.987,1190.902,679.9395,795.9929
0.0,1379.914,0.0,648.9415,672.8831
0.0,1377.898,0.0,648.9415,672.8831
0.0,1423.891,0.0,666.9607,720.8922
0.0,1376.89,0.0,647.9335,671.875
600.9324,1327.999,1202.999,600.9324,725.9324
600.9324,1327.999,1202.999,600.9324,725.9324
599.9244,1299.899,1199.975,574.9748,699.9748
601.9405,1303.931,1203.881,576.9909,700.9828
599.9244,1349.924,1199.975,625.0,750.0
602.9486,1381.93,1205.897,627.8982,776.9657
599.9244,1349.924,1199.975,625.0,750.0
0.0,1414.945,0.0,661.9203,717.994
0.0,1379.914,0.0,648.9415,672.8831
490.9274,1154.99,982.9889,515.877,566.9103
490.9274,1154.99,982.9889,515.877,566.9103
588.9617,1348.916,1177.923,636.9708,763.9869
588.9617,1348.916,1177.923,636.9708,763.9869
599.9244,1399.95,1199.975,649.9496,799.8992
599.9244,1400.958,1200.983,649.9496,799.8992
0.0,1379.914,0.0,648.9415,672.8831
0.0,1412.928,0.0,660.9123,716.9859
0.0,1413.937,0.0,661.9203,717.994
500.0,1201.991,1000.882,549.8992,599.9244
500.0,1201.991,1000.882,549.8992,599.9244
500.882,1126.89,1001.89,550.9072,524.9496
500.882,1126.89,1001.89,550.9072,524.9496
606.9808,1314.894,1213.962,606.9808,755.9224
605.9728,1313.886,1212.954,605.9728,755.9224
606.9808,1314.894,1213.962,606.9808,755.9224
610.8871,1324.975,1222.908,610.8871,759.9547
612.9032,1328.881,1225.932,663.9365,760.9627
611.8951,1326.991,1224.924,611.8951,760.9627
612.9032,1432.964,1226.941,664.9446,812.878
0.0,1433.972,0.0,664.9446,812.878
0.0,1433.972,0.0,695.9425,812.878
0.0,1434.98,0.0,696.9506,813.8861
614.9194,1435.988,1229.965,696.9506,813.8861
614.9194,1435.988,1229.965,696.9506,813.8861
614.9194,1435.988,1229.965,696.9506,813.8861
611.8951,1430.948,1224.924,694.9344,811.996
612.9032,1431.956,1225.932,694.9344,811.996
613.9113,1434.98,1228.957,696.9506,813.8861
500.882,1102.949,1001.89,550.9072,500.882
500.882,1102.949,1001.89,550.9072,500.882
599.9244,1400.958,1200.983,649.9496,799.8992
599.9244,1400.958,1200.983,649.9496,799.8992
599.9244,1399.95,1199.975,649.9496,799.8992
599.9244,1399.95,1199.975,649.9496,799.8992
599.9244,1375.882,1200.983,649.9496,774.9496
599.9244,1375.882,1200.983,649.9496,774.9496
613.9113,1434.98,1228.957,696.9506,813.8861
613.9113,1433.972,1227.949,695.9425,812.878
611.8951,1430.948,1224.924,694.9344,811.996
611.8951,1428.931,1223.916,693.9264,810.9879
612.9032,1431.956,1225.932,694.9344,811.996
600.9324,1402.974,1202.999,690.9022,800.9072
600.9324,1403.982,1202.999,691.9103,800.9072
601.9405,1464.97,1203.881,716.9859,861.8951
600.9324,1463.962,1202.999,716.9859,860.8871
600.9324,1463.962,1202.999,716.9859,860.8871
600.9324,1462.954,1202.999,715.9778,860.8871
592.994,1442.918,1186.996,705.8972,852.9486
591.9859,1439.894,1183.972,704.8891,851.9405
591.9859,1439.894,1183.972,704.8891,851.9405
591.9859,1439.894,1183.972,704.8891,851.9405
591.9859,1439.894,1183.972,704.8891,851.9405
592.994,1441.91,1185.988,705.8972,852.9486
592.994,1443.926,1186.996,706.9052,852.9486
593.876,1444.934,1187.878,706.9052,853.9567
594.8841,1447.959,1189.894,708.9214,854.9647
594.8841,1448.967,1190.902,708.9214,854.9647
593.876,1444.934,1187.878,706.9052,853.9567
593.876,1445.943,1188.886,707.9133,853.9567
614.9194,1435.988,1229.965,696.9506,813.8861
613.9113,1434.98,1228.957,696.9506,813.8861
611.8951,1430.948,1224.924,694.9344,811.996
599.9244,1199.975,1199.975,599.9244,599.9244
599.9244,1224.924,1199.975,599.9244,625.0
601.9405,1203.881,1203.881,601.9405,600.9324
601.9405,1229.965,1204.889,601.9405,625.8821
599.9244,1274.95,1199.975,574.9748,674.8992
598.9163,1397.933,1197.959,698.9667,798.8911
599.9244,1409.904,1199.975,724.9244,809.9799
599.9244,1410.912,1200.983,724.9244,809.9799
600.9324,1411.92,1201.991,725.9324,810.9879
602.9486,1416.961,1205.897,727.9486,811.996
602.9486,1417.969,1205.897,728.9567,812.878
500.0,1201.991,1000.882,549.8992,599.9244
603.9567,1420.993,1208.921,729.9647,813.8861
603.9567,1421.875,1208.921,730.9728,813.8861
605.9728,1425.907,1211.946,732.9889,815.9022
605.9728,1425.907,1211.946,732.9889,815.9022
606.9808,1428.931,1214.97,734.879,816.9103
600.9324,1202.999,1202.999,600.9324,600.9324
600.9324,1201.991,1201.991,600.9324,599.9244
599.9244,1200.983,1200.983,599.9244,599.9244
608.9969,1431.956,1217.994,735.8871,817.9183
608.9969,1431.956,1217.994,735.8871,817.9183
608.9969,1433.972,1218.876,736.8951,818.9264
608.9969,1433.972,1218.876,736.8951,818.9264
599.9244,1199.975,1199.975,599.9244,599.9244
597.9083,1371.976,1196.951,597.9083,772.9335
597.9083,1371.976,1196.951,597.9083,772.9335
603.9567,1369.96,1208.921,694.9344,763.9869
603.9567,1370.968,1208.921,694.9344,763.9869
607.9889,1378.906,1215.978,698.9667,766.8851
607.9889,1379.914,1216.986,699.9748,766.8851
608.9969,1380.922,1217.994,699.9748,767.8931
609.879,1383.947,1219.884,701.9909,768.9012
608.9969,1382.938,1218.876,700.9828,767.8931
607.9889,1379.914,1216.986,699.9748,766.8851
614.9194,1395.917,1229.965,707.9133,773.9415
614.9194,1395.917,1229.965,707.9133,773.9415
614.9194,1396.925,1230.973,708.9214,773.9415
615.9274,1397.933,1231.981,708.9214,773.9415
616.9355,1399.95,1233.997,709.9294,774.9496
615.9274,1398.942,1232.989,708.9214,774.9496
612.9032,1392.893,1226.941,705.8972,771.9254
613.9113,1393.901,1228.957,706.9052,772.9335
614.9194,1394.909,1229.965,707.9133,772.9335
614.9194,1395.917,1229.965,707.9133,773.9415
597.9083,1396.925,1196.951,697.9587,797.8831
597.9083,1396.925,1196.951,697.9587,797.8831
597.9083,1396.925,1196.951,697.9587,797.8831
